2026-02-25 16:29:38,734 [INFO] - Logging configured.
2026-02-25 16:29:38,736 [INFO] - Initializing pipeline components...
2026-02-25 16:29:38,986 [INFO] - No checkpoint file found. Starting a new run.
2026-02-25 16:29:38,986 [INFO] -  Starting Iteration 0 | Train: 0-1000 | Test: 1000-1500 
2026-02-25 16:29:39,201 [INFO] - Running initial evolution for high volatility regime...
2026-02-25 16:30:01,983 [INFO] - For chunk 1/1, generation 1/30 and length of current population 151 .
2026-02-25 16:30:02,299 [INFO] - For chunk 1/1, generation 2/30 and length of current population 151 .
2026-02-25 16:30:02,637 [INFO] - For chunk 1/1, generation 3/30 and length of current population 151 .
2026-02-25 16:30:02,934 [INFO] - For chunk 1/1, generation 4/30 and length of current population 151 .
2026-02-25 16:30:03,218 [INFO] - For chunk 1/1, generation 5/30 and length of current population 151 .
2026-02-25 16:30:03,504 [INFO] - For chunk 1/1, generation 6/30 and length of current population 151 .
2026-02-25 16:30:03,771 [INFO] - For chunk 1/1, generation 7/30 and length of current population 151 .
2026-02-25 16:30:04,045 [INFO] - For chunk 1/1, generation 8/30 and length of current population 151 .
2026-02-25 16:30:04,317 [INFO] - For chunk 1/1, generation 9/30 and length of current population 151 .
2026-02-25 16:30:04,583 [INFO] - For chunk 1/1, generation 10/30 and length of current population 151 .
2026-02-25 16:30:04,865 [INFO] - For chunk 1/1, generation 11/30 and length of current population 151 .
2026-02-25 16:30:05,172 [INFO] - For chunk 1/1, generation 12/30 and length of current population 151 .
2026-02-25 16:30:05,461 [INFO] - For chunk 1/1, generation 13/30 and length of current population 151 .
2026-02-25 16:30:05,743 [INFO] - For chunk 1/1, generation 14/30 and length of current population 151 .
2026-02-25 16:30:06,009 [INFO] - For chunk 1/1, generation 15/30 and length of current population 151 .
2026-02-25 16:30:06,283 [INFO] - For chunk 1/1, generation 16/30 and length of current population 151 .
2026-02-25 16:30:06,566 [INFO] - For chunk 1/1, generation 17/30 and length of current population 151 .
2026-02-25 16:30:06,848 [INFO] - For chunk 1/1, generation 18/30 and length of current population 151 .
2026-02-25 16:30:07,131 [INFO] - For chunk 1/1, generation 19/30 and length of current population 151 .
2026-02-25 16:30:07,411 [INFO] - For chunk 1/1, generation 20/30 and length of current population 151 .
2026-02-25 16:30:07,751 [INFO] - For chunk 1/1, generation 21/30 and length of current population 151 .
2026-02-25 16:30:08,053 [INFO] - For chunk 1/1, generation 22/30 and length of current population 151 .
2026-02-25 16:30:08,322 [INFO] - For chunk 1/1, generation 23/30 and length of current population 151 .
2026-02-25 16:30:08,588 [INFO] - For chunk 1/1, generation 24/30 and length of current population 151 .
2026-02-25 16:30:08,858 [INFO] - For chunk 1/1, generation 25/30 and length of current population 151 .
2026-02-25 16:30:09,121 [INFO] - For chunk 1/1, generation 26/30 and length of current population 151 .
2026-02-25 16:30:09,393 [INFO] - For chunk 1/1, generation 27/30 and length of current population 151 .
2026-02-25 16:30:09,680 [INFO] - For chunk 1/1, generation 28/30 and length of current population 151 .
2026-02-25 16:30:09,948 [INFO] - For chunk 1/1, generation 29/30 and length of current population 151 .
2026-02-25 16:30:10,291 [INFO] - For chunk 1/1, generation 30/30 and length of current population 151 .
2026-02-25 16:30:10,721 [INFO] - For chunk 1/1, generation 1/30 and length of current population 151 .
2026-02-25 16:30:11,052 [INFO] - For chunk 1/1, generation 2/30 and length of current population 151 .
2026-02-25 16:30:11,367 [INFO] - For chunk 1/1, generation 3/30 and length of current population 151 .
2026-02-25 16:30:11,676 [INFO] - For chunk 1/1, generation 4/30 and length of current population 151 .
2026-02-25 16:30:11,984 [INFO] - For chunk 1/1, generation 5/30 and length of current population 151 .
2026-02-25 16:30:12,297 [INFO] - For chunk 1/1, generation 6/30 and length of current population 151 .
2026-02-25 16:30:12,634 [INFO] - For chunk 1/1, generation 7/30 and length of current population 151 .
2026-02-25 16:30:12,984 [INFO] - For chunk 1/1, generation 8/30 and length of current population 151 .
2026-02-25 16:30:13,283 [INFO] - For chunk 1/1, generation 9/30 and length of current population 151 .
2026-02-25 16:30:13,598 [INFO] - For chunk 1/1, generation 10/30 and length of current population 151 .
2026-02-25 16:30:13,923 [INFO] - For chunk 1/1, generation 11/30 and length of current population 151 .
2026-02-25 16:30:14,223 [INFO] - For chunk 1/1, generation 12/30 and length of current population 151 .
2026-02-25 16:30:14,556 [INFO] - For chunk 1/1, generation 13/30 and length of current population 151 .
2026-02-25 16:30:14,891 [INFO] - For chunk 1/1, generation 14/30 and length of current population 151 .
2026-02-25 16:30:15,266 [INFO] - For chunk 1/1, generation 15/30 and length of current population 151 .
2026-02-25 16:30:15,606 [INFO] - For chunk 1/1, generation 16/30 and length of current population 151 .
2026-02-25 16:30:15,949 [INFO] - For chunk 1/1, generation 17/30 and length of current population 151 .
2026-02-25 16:30:16,271 [INFO] - For chunk 1/1, generation 18/30 and length of current population 151 .
2026-02-25 16:30:16,602 [INFO] - For chunk 1/1, generation 19/30 and length of current population 151 .
2026-02-25 16:30:16,991 [INFO] - For chunk 1/1, generation 20/30 and length of current population 151 .
2026-02-25 16:30:17,349 [INFO] - For chunk 1/1, generation 21/30 and length of current population 151 .
2026-02-25 16:30:17,745 [INFO] - For chunk 1/1, generation 22/30 and length of current population 151 .
2026-02-25 16:30:18,131 [INFO] - For chunk 1/1, generation 23/30 and length of current population 151 .
2026-02-25 16:30:18,476 [INFO] - For chunk 1/1, generation 24/30 and length of current population 151 .
2026-02-25 16:30:19,448 [INFO] - For chunk 1/1, generation 25/30 and length of current population 151 .
2026-02-25 16:30:19,851 [INFO] - For chunk 1/1, generation 26/30 and length of current population 151 .
2026-02-25 16:30:20,244 [INFO] - For chunk 1/1, generation 27/30 and length of current population 151 .
2026-02-25 16:30:20,636 [INFO] - For chunk 1/1, generation 28/30 and length of current population 151 .
2026-02-25 16:30:21,001 [INFO] - For chunk 1/1, generation 29/30 and length of current population 151 .
2026-02-25 16:30:21,381 [INFO] - For chunk 1/1, generation 30/30 and length of current population 151 .
2026-02-25 16:30:21,381 [INFO] - Running initial evolution for low volatility regime...
2026-02-25 16:30:21,921 [INFO] - For chunk 1/1, generation 1/30 and length of current population 151 .
2026-02-25 16:30:22,302 [INFO] - For chunk 1/1, generation 2/30 and length of current population 151 .
2026-02-25 16:30:22,680 [INFO] - For chunk 1/1, generation 3/30 and length of current population 151 .
2026-02-25 16:30:23,093 [INFO] - For chunk 1/1, generation 4/30 and length of current population 151 .
2026-02-25 16:30:23,474 [INFO] - For chunk 1/1, generation 5/30 and length of current population 151 .
2026-02-25 16:30:23,857 [INFO] - For chunk 1/1, generation 6/30 and length of current population 151 .
2026-02-25 16:30:24,221 [INFO] - For chunk 1/1, generation 7/30 and length of current population 151 .
2026-02-25 16:30:24,611 [INFO] - For chunk 1/1, generation 8/30 and length of current population 151 .
2026-02-25 16:30:24,991 [INFO] - For chunk 1/1, generation 9/30 and length of current population 151 .
2026-02-25 16:30:25,414 [INFO] - For chunk 1/1, generation 10/30 and length of current population 151 .
2026-02-25 16:30:25,811 [INFO] - For chunk 1/1, generation 11/30 and length of current population 151 .
2026-02-25 16:30:26,191 [INFO] - For chunk 1/1, generation 12/30 and length of current population 151 .
2026-02-25 16:30:26,543 [INFO] - For chunk 1/1, generation 13/30 and length of current population 151 .
2026-02-25 16:30:26,943 [INFO] - For chunk 1/1, generation 14/30 and length of current population 151 .
2026-02-25 16:30:27,341 [INFO] - For chunk 1/1, generation 15/30 and length of current population 151 .
2026-02-25 16:30:27,692 [INFO] - For chunk 1/1, generation 16/30 and length of current population 151 .
2026-02-25 16:30:28,151 [INFO] - For chunk 1/1, generation 17/30 and length of current population 151 .
2026-02-25 16:30:28,550 [INFO] - For chunk 1/1, generation 18/30 and length of current population 151 .
2026-02-25 16:30:28,926 [INFO] - For chunk 1/1, generation 19/30 and length of current population 151 .
2026-02-25 16:30:29,288 [INFO] - For chunk 1/1, generation 20/30 and length of current population 151 .
2026-02-25 16:30:29,677 [INFO] - For chunk 1/1, generation 21/30 and length of current population 151 .
2026-02-25 16:30:30,071 [INFO] - For chunk 1/1, generation 22/30 and length of current population 151 .
2026-02-25 16:30:30,506 [INFO] - For chunk 1/1, generation 23/30 and length of current population 151 .
2026-02-25 16:30:30,905 [INFO] - For chunk 1/1, generation 24/30 and length of current population 151 .
2026-02-25 16:30:31,275 [INFO] - For chunk 1/1, generation 25/30 and length of current population 151 .
2026-02-25 16:30:31,646 [INFO] - For chunk 1/1, generation 26/30 and length of current population 151 .
2026-02-25 16:30:32,031 [INFO] - For chunk 1/1, generation 27/30 and length of current population 151 .
2026-02-25 16:30:32,415 [INFO] - For chunk 1/1, generation 28/30 and length of current population 151 .
2026-02-25 16:30:32,815 [INFO] - For chunk 1/1, generation 29/30 and length of current population 151 .
2026-02-25 16:30:33,201 [INFO] - For chunk 1/1, generation 30/30 and length of current population 151 .
2026-02-25 16:30:33,821 [INFO] - For chunk 1/1, generation 1/30 and length of current population 151 .
2026-02-25 16:30:34,267 [INFO] - For chunk 1/1, generation 2/30 and length of current population 151 .
2026-02-25 16:30:34,701 [INFO] - For chunk 1/1, generation 3/30 and length of current population 151 .
2026-02-25 16:30:35,154 [INFO] - For chunk 1/1, generation 4/30 and length of current population 151 .
2026-02-25 16:30:35,691 [INFO] - For chunk 1/1, generation 5/30 and length of current population 151 .
2026-02-25 16:30:36,177 [INFO] - For chunk 1/1, generation 6/30 and length of current population 151 .
2026-02-25 16:30:36,705 [INFO] - For chunk 1/1, generation 7/30 and length of current population 151 .
2026-02-25 16:30:37,213 [INFO] - For chunk 1/1, generation 8/30 and length of current population 151 .
2026-02-25 16:30:37,661 [INFO] - For chunk 1/1, generation 9/30 and length of current population 151 .
2026-02-25 16:30:38,181 [INFO] - For chunk 1/1, generation 10/30 and length of current population 151 .
2026-02-25 16:30:39,081 [INFO] - For chunk 1/1, generation 11/30 and length of current population 151 .
2026-02-25 16:30:39,561 [INFO] - For chunk 1/1, generation 12/30 and length of current population 151 .
2026-02-25 16:30:40,011 [INFO] - For chunk 1/1, generation 13/30 and length of current population 151 .
2026-02-25 16:30:40,535 [INFO] - For chunk 1/1, generation 14/30 and length of current population 151 .
2026-02-25 16:30:41,001 [INFO] - For chunk 1/1, generation 15/30 and length of current population 151 .
2026-02-25 16:30:41,437 [INFO] - For chunk 1/1, generation 16/30 and length of current population 151 .
2026-02-25 16:30:41,891 [INFO] - For chunk 1/1, generation 17/30 and length of current population 151 .
2026-02-25 16:30:42,361 [INFO] - For chunk 1/1, generation 18/30 and length of current population 151 .
2026-02-25 16:30:42,853 [INFO] - For chunk 1/1, generation 19/30 and length of current population 151 .
2026-02-25 16:30:43,336 [INFO] - For chunk 1/1, generation 20/30 and length of current population 151 .
2026-02-25 16:30:43,811 [INFO] - For chunk 1/1, generation 21/30 and length of current population 151 .
2026-02-25 16:30:44,301 [INFO] - For chunk 1/1, generation 22/30 and length of current population 151 .
2026-02-25 16:30:44,791 [INFO] - For chunk 1/1, generation 23/30 and length of current population 151 .
2026-02-25 16:30:45,303 [INFO] - For chunk 1/1, generation 24/30 and length of current population 151 .
2026-02-25 16:30:45,751 [INFO] - For chunk 1/1, generation 25/30 and length of current population 151 .
2026-02-25 16:30:46,201 [INFO] - For chunk 1/1, generation 26/30 and length of current population 151 .
2026-02-25 16:30:46,651 [INFO] - For chunk 1/1, generation 27/30 and length of current population 151 .
2026-02-25 16:30:47,101 [INFO] - For chunk 1/1, generation 28/30 and length of current population 151 .
2026-02-25 16:30:47,551 [INFO] - For chunk 1/1, generation 29/30 and length of current population 151 .
2026-02-25 16:30:48,088 [INFO] - For chunk 1/1, generation 30/30 and length of current population 151 .
2026-02-25 16:31:27,294 [INFO] - Checkpoint saved successfully to checkpoint.pkl
2026-02-25 16:31:27,294 [INFO] -  Starting Iteration 1 | Train: 150-1150 | Test: 1150-1650 
2026-02-25 16:31:27,551 [INFO] - Running advanced evolution...
2026-02-25 16:31:27,553 [INFO] - Dataset iteration 1 for depth 2 in high volatility regime.
2026-02-25 16:31:28,031 [INFO] - For chunk 1/1, generation 1/30 and length of current population 151 .
2026-02-25 16:31:28,334 [INFO] - For chunk 1/1, generation 2/30 and length of current population 151 .
2026-02-25 16:31:28,651 [INFO] - For chunk 1/1, generation 3/30 and length of current population 151 .
2026-02-25 16:31:28,961 [INFO] - For chunk 1/1, generation 4/30 and length of current population 151 .
2026-02-25 16:31:29,261 [INFO] - For chunk 1/1, generation 5/30 and length of current population 151 .
2026-02-25 16:31:29,591 [INFO] - For chunk 1/1, generation 6/30 and length of current population 151 .
2026-02-25 16:31:29,885 [INFO] - For chunk 1/1, generation 7/30 and length of current population 151 .
2026-02-25 16:31:30,195 [INFO] - For chunk 1/1, generation 8/30 and length of current population 151 .
2026-02-25 16:31:30,511 [INFO] - For chunk 1/1, generation 9/30 and length of current population 151 .
2026-02-25 16:31:30,822 [INFO] - For chunk 1/1, generation 10/30 and length of current population 151 .
2026-02-25 16:31:31,104 [INFO] - For chunk 1/1, generation 11/30 and length of current population 151 .
2026-02-25 16:31:31,401 [INFO] - For chunk 1/1, generation 12/30 and length of current population 151 .
2026-02-25 16:31:31,701 [INFO] - For chunk 1/1, generation 13/30 and length of current population 151 .
2026-02-25 16:31:31,981 [INFO] - For chunk 1/1, generation 14/30 and length of current population 151 .
2026-02-25 16:31:32,271 [INFO] - For chunk 1/1, generation 15/30 and length of current population 151 .
2026-02-25 16:31:32,561 [INFO] - For chunk 1/1, generation 16/30 and length of current population 151 .
2026-02-25 16:31:32,846 [INFO] - For chunk 1/1, generation 17/30 and length of current population 151 .
2026-02-25 16:31:34,316 [INFO] - For chunk 1/1, generation 18/30 and length of current population 151 .
2026-02-25 16:31:34,621 [INFO] - For chunk 1/1, generation 19/30 and length of current population 151 .
2026-02-25 16:31:34,913 [INFO] - For chunk 1/1, generation 20/30 and length of current population 151 .
2026-02-25 16:31:35,191 [INFO] - For chunk 1/1, generation 21/30 and length of current population 151 .
2026-02-25 16:31:35,513 [INFO] - For chunk 1/1, generation 22/30 and length of current population 151 .
2026-02-25 16:31:35,824 [INFO] - For chunk 1/1, generation 23/30 and length of current population 151 .
2026-02-25 16:31:36,111 [INFO] - For chunk 1/1, generation 24/30 and length of current population 151 .
2026-02-25 16:31:36,423 [INFO] - For chunk 1/1, generation 25/30 and length of current population 151 .
2026-02-25 16:31:36,744 [INFO] - For chunk 1/1, generation 26/30 and length of current population 151 .
2026-02-25 16:31:37,044 [INFO] - For chunk 1/1, generation 27/30 and length of current population 151 .
2026-02-25 16:31:37,353 [INFO] - For chunk 1/1, generation 28/30 and length of current population 151 .
2026-02-25 16:31:37,655 [INFO] - For chunk 1/1, generation 29/30 and length of current population 151 .
2026-02-25 16:31:38,001 [INFO] - For chunk 1/1, generation 30/30 and length of current population 151 .
2026-02-25 16:31:38,007 [INFO] - Dataset iteration 1 for depth 3 in high volatility regime.
2026-02-25 16:31:38,316 [INFO] - Sanitized unary node val 19 -> 5
2026-02-25 16:31:38,546 [INFO] - For chunk 1/1, generation 1/30 and length of current population 151 .
2026-02-25 16:31:38,929 [INFO] - For chunk 1/1, generation 2/30 and length of current population 151 .
2026-02-25 16:31:39,311 [INFO] - For chunk 1/1, generation 3/30 and length of current population 151 .
2026-02-25 16:31:39,711 [INFO] - For chunk 1/1, generation 4/30 and length of current population 151 .
2026-02-25 16:31:40,106 [INFO] - For chunk 1/1, generation 5/30 and length of current population 151 .
2026-02-25 16:31:40,536 [INFO] - For chunk 1/1, generation 6/30 and length of current population 151 .
2026-02-25 16:31:40,956 [INFO] - For chunk 1/1, generation 7/30 and length of current population 151 .
2026-02-25 16:31:41,328 [INFO] - For chunk 1/1, generation 8/30 and length of current population 151 .
2026-02-25 16:31:41,719 [INFO] - For chunk 1/1, generation 9/30 and length of current population 151 .
2026-02-25 16:31:42,121 [INFO] - For chunk 1/1, generation 10/30 and length of current population 151 .
2026-02-25 16:31:42,511 [INFO] - For chunk 1/1, generation 11/30 and length of current population 151 .
2026-02-25 16:31:42,921 [INFO] - For chunk 1/1, generation 12/30 and length of current population 151 .
2026-02-25 16:31:43,393 [INFO] - For chunk 1/1, generation 13/30 and length of current population 151 .
2026-02-25 16:31:44,271 [INFO] - For chunk 1/1, generation 14/30 and length of current population 151 .
2026-02-25 16:31:44,685 [INFO] - For chunk 1/1, generation 15/30 and length of current population 151 .
2026-02-25 16:31:45,103 [INFO] - For chunk 1/1, generation 16/30 and length of current population 151 .
2026-02-25 16:31:45,551 [INFO] - For chunk 1/1, generation 17/30 and length of current population 151 .
2026-02-25 16:31:46,057 [INFO] - For chunk 1/1, generation 18/30 and length of current population 151 .
2026-02-25 16:31:46,566 [INFO] - For chunk 1/1, generation 19/30 and length of current population 151 .
2026-02-25 16:31:47,041 [INFO] - For chunk 1/1, generation 20/30 and length of current population 151 .
2026-02-25 16:31:47,517 [INFO] - For chunk 1/1, generation 21/30 and length of current population 151 .
2026-02-25 16:31:48,028 [INFO] - For chunk 1/1, generation 22/30 and length of current population 151 .
2026-02-25 16:31:48,556 [INFO] - For chunk 1/1, generation 23/30 and length of current population 151 .
2026-02-25 16:31:49,051 [INFO] - For chunk 1/1, generation 24/30 and length of current population 151 .
2026-02-25 16:31:49,546 [INFO] - For chunk 1/1, generation 25/30 and length of current population 151 .
2026-02-25 16:31:50,033 [INFO] - For chunk 1/1, generation 26/30 and length of current population 151 .
2026-02-25 16:31:50,561 [INFO] - For chunk 1/1, generation 27/30 and length of current population 151 .
2026-02-25 16:31:51,104 [INFO] - For chunk 1/1, generation 28/30 and length of current population 151 .
2026-02-25 16:31:51,591 [INFO] - For chunk 1/1, generation 29/30 and length of current population 151 .
2026-02-25 16:31:52,116 [INFO] - For chunk 1/1, generation 30/30 and length of current population 151 .
2026-02-25 16:31:52,124 [INFO] - Dataset iteration 1 for depth 2 in low volatility regime.
2026-02-25 16:31:52,644 [INFO] - For chunk 1/1, generation 1/30 and length of current population 151 .
2026-02-25 16:31:53,012 [INFO] - For chunk 1/1, generation 2/30 and length of current population 151 .
2026-02-25 16:31:53,467 [INFO] - For chunk 1/1, generation 3/30 and length of current population 151 .
2026-02-25 16:31:53,813 [INFO] - For chunk 1/1, generation 4/30 and length of current population 151 .
2026-02-25 16:31:54,191 [INFO] - For chunk 1/1, generation 5/30 and length of current population 151 .
2026-02-25 16:31:54,594 [INFO] - For chunk 1/1, generation 6/30 and length of current population 151 .
2026-02-25 16:31:54,986 [INFO] - For chunk 1/1, generation 7/30 and length of current population 151 .
2026-02-25 16:31:55,376 [INFO] - For chunk 1/1, generation 8/30 and length of current population 151 .
2026-02-25 16:31:55,775 [INFO] - For chunk 1/1, generation 9/30 and length of current population 151 .
2026-02-25 16:31:56,151 [INFO] - For chunk 1/1, generation 10/30 and length of current population 151 .
2026-02-25 16:31:56,936 [INFO] - For chunk 1/1, generation 11/30 and length of current population 151 .
2026-02-25 16:31:57,311 [INFO] - For chunk 1/1, generation 12/30 and length of current population 151 .
2026-02-25 16:31:57,667 [INFO] - For chunk 1/1, generation 13/30 and length of current population 151 .
2026-02-25 16:31:58,004 [INFO] - For chunk 1/1, generation 14/30 and length of current population 151 .
2026-02-25 16:31:58,461 [INFO] - For chunk 1/1, generation 15/30 and length of current population 151 .
2026-02-25 16:31:58,814 [INFO] - For chunk 1/1, generation 16/30 and length of current population 151 .
2026-02-25 16:31:59,141 [INFO] - For chunk 1/1, generation 17/30 and length of current population 151 .
2026-02-25 16:31:59,501 [INFO] - For chunk 1/1, generation 18/30 and length of current population 151 .
2026-02-25 16:31:59,882 [INFO] - For chunk 1/1, generation 19/30 and length of current population 151 .
2026-02-25 16:32:00,241 [INFO] - For chunk 1/1, generation 20/30 and length of current population 151 .
2026-02-25 16:32:00,571 [INFO] - For chunk 1/1, generation 21/30 and length of current population 151 .
2026-02-25 16:32:00,962 [INFO] - For chunk 1/1, generation 22/30 and length of current population 151 .
2026-02-25 16:32:01,277 [INFO] - For chunk 1/1, generation 23/30 and length of current population 151 .
2026-02-25 16:32:01,611 [INFO] - For chunk 1/1, generation 24/30 and length of current population 151 .
2026-02-25 16:32:01,952 [INFO] - For chunk 1/1, generation 25/30 and length of current population 151 .
2026-02-25 16:32:02,290 [INFO] - For chunk 1/1, generation 26/30 and length of current population 151 .
2026-02-25 16:32:02,631 [INFO] - For chunk 1/1, generation 27/30 and length of current population 151 .
2026-02-25 16:32:02,988 [INFO] - For chunk 1/1, generation 28/30 and length of current population 151 .
2026-02-25 16:32:03,413 [INFO] - For chunk 1/1, generation 29/30 and length of current population 151 .
2026-02-25 16:32:03,751 [INFO] - For chunk 1/1, generation 30/30 and length of current population 151 .
2026-02-25 16:32:03,758 [INFO] - Dataset iteration 1 for depth 3 in low volatility regime.
2026-02-25 16:32:04,044 [INFO] - Sanitized unary node val 23 -> 5
2026-02-25 16:32:04,333 [INFO] - For chunk 1/1, generation 1/30 and length of current population 151 .
2026-02-25 16:32:04,767 [INFO] - For chunk 1/1, generation 2/30 and length of current population 151 .
2026-02-25 16:32:05,262 [INFO] - For chunk 1/1, generation 3/30 and length of current population 151 .
2026-02-25 16:32:05,703 [INFO] - For chunk 1/1, generation 4/30 and length of current population 151 .
2026-02-25 16:32:06,142 [INFO] - For chunk 1/1, generation 5/30 and length of current population 151 .
2026-02-25 16:32:06,574 [INFO] - For chunk 1/1, generation 6/30 and length of current population 151 .
2026-02-25 16:32:06,974 [INFO] - For chunk 1/1, generation 7/30 and length of current population 151 .
2026-02-25 16:32:07,547 [INFO] - For chunk 1/1, generation 8/30 and length of current population 151 .
2026-02-25 16:32:07,989 [INFO] - For chunk 1/1, generation 9/30 and length of current population 151 .
2026-02-25 16:32:08,488 [INFO] - For chunk 1/1, generation 10/30 and length of current population 151 .
2026-02-25 16:32:08,921 [INFO] - For chunk 1/1, generation 11/30 and length of current population 151 .
2026-02-25 16:32:09,333 [INFO] - For chunk 1/1, generation 12/30 and length of current population 151 .
2026-02-25 16:32:09,730 [INFO] - For chunk 1/1, generation 13/30 and length of current population 151 .
2026-02-25 16:32:10,146 [INFO] - For chunk 1/1, generation 14/30 and length of current population 151 .
2026-02-25 16:32:10,555 [INFO] - For chunk 1/1, generation 15/30 and length of current population 151 .
2026-02-25 16:32:11,043 [INFO] - For chunk 1/1, generation 16/30 and length of current population 151 .
2026-02-25 16:32:11,445 [INFO] - For chunk 1/1, generation 17/30 and length of current population 151 .
2026-02-25 16:32:11,887 [INFO] - For chunk 1/1, generation 18/30 and length of current population 151 .
2026-02-25 16:32:12,301 [INFO] - For chunk 1/1, generation 19/30 and length of current population 151 .
2026-02-25 16:32:12,704 [INFO] - For chunk 1/1, generation 20/30 and length of current population 151 .
2026-02-25 16:32:13,143 [INFO] - For chunk 1/1, generation 21/30 and length of current population 151 .
2026-02-25 16:32:13,611 [INFO] - For chunk 1/1, generation 22/30 and length of current population 151 .
2026-02-25 16:32:14,024 [INFO] - For chunk 1/1, generation 23/30 and length of current population 151 .
2026-02-25 16:32:14,941 [INFO] - For chunk 1/1, generation 24/30 and length of current population 151 .
2026-02-25 16:32:15,365 [INFO] - For chunk 1/1, generation 25/30 and length of current population 151 .
2026-02-25 16:32:15,845 [INFO] - For chunk 1/1, generation 26/30 and length of current population 151 .
2026-02-25 16:32:16,296 [INFO] - For chunk 1/1, generation 27/30 and length of current population 151 .
2026-02-25 16:32:16,737 [INFO] - For chunk 1/1, generation 28/30 and length of current population 151 .
2026-02-25 16:32:17,152 [INFO] - For chunk 1/1, generation 29/30 and length of current population 151 .
2026-02-25 16:32:17,554 [INFO] - For chunk 1/1, generation 30/30 and length of current population 151 .
2026-02-25 16:32:39,173 [INFO] - Checkpoint saved successfully to checkpoint.pkl
2026-02-25 16:32:39,173 [INFO] -  Starting Iteration 2 | Train: 300-1300 | Test: 1300-1800 
2026-02-25 16:32:39,233 [INFO] - Running advanced evolution...
2026-02-25 16:32:39,236 [INFO] - Dataset iteration 2 for depth 2 in high volatility regime.
2026-02-25 16:32:39,360 [INFO] - For chunk 1/1, generation 1/30 and length of current population 151 .
2026-02-25 16:32:39,443 [INFO] - For chunk 1/1, generation 2/30 and length of current population 151 .
2026-02-25 16:32:39,527 [INFO] - For chunk 1/1, generation 3/30 and length of current population 151 .
2026-02-25 16:32:39,609 [INFO] - For chunk 1/1, generation 4/30 and length of current population 151 .
2026-02-25 16:32:39,686 [INFO] - For chunk 1/1, generation 5/30 and length of current population 151 .
2026-02-25 16:32:39,753 [INFO] - For chunk 1/1, generation 6/30 and length of current population 151 .
2026-02-25 16:32:39,842 [INFO] - For chunk 1/1, generation 7/30 and length of current population 151 .
2026-02-25 16:32:39,910 [INFO] - For chunk 1/1, generation 8/30 and length of current population 151 .
2026-02-25 16:32:39,986 [INFO] - For chunk 1/1, generation 9/30 and length of current population 151 .
2026-02-25 16:32:40,060 [INFO] - For chunk 1/1, generation 10/30 and length of current population 151 .
2026-02-25 16:32:40,154 [INFO] - For chunk 1/1, generation 11/30 and length of current population 151 .
2026-02-25 16:32:40,227 [INFO] - For chunk 1/1, generation 12/30 and length of current population 151 .
2026-02-25 16:32:40,311 [INFO] - For chunk 1/1, generation 13/30 and length of current population 151 .
2026-02-25 16:32:40,387 [INFO] - For chunk 1/1, generation 14/30 and length of current population 151 .
2026-02-25 16:32:40,470 [INFO] - For chunk 1/1, generation 15/30 and length of current population 151 .
2026-02-25 16:32:40,575 [INFO] - For chunk 1/1, generation 16/30 and length of current population 151 .
2026-02-25 16:32:40,650 [INFO] - For chunk 1/1, generation 17/30 and length of current population 151 .
2026-02-25 16:32:40,730 [INFO] - For chunk 1/1, generation 18/30 and length of current population 151 .
2026-02-25 16:32:40,821 [INFO] - For chunk 1/1, generation 19/30 and length of current population 151 .
2026-02-25 16:32:40,904 [INFO] - For chunk 1/1, generation 20/30 and length of current population 151 .
2026-02-25 16:32:40,981 [INFO] - For chunk 1/1, generation 21/30 and length of current population 151 .
2026-02-25 16:32:41,060 [INFO] - For chunk 1/1, generation 22/30 and length of current population 151 .
2026-02-25 16:32:41,167 [INFO] - For chunk 1/1, generation 23/30 and length of current population 151 .
2026-02-25 16:32:41,363 [INFO] - For chunk 1/1, generation 24/30 and length of current population 151 .
2026-02-25 16:32:41,645 [INFO] - For chunk 1/1, generation 25/30 and length of current population 151 .
2026-02-25 16:32:41,924 [INFO] - For chunk 1/1, generation 26/30 and length of current population 151 .
2026-02-25 16:32:42,193 [INFO] - For chunk 1/1, generation 27/30 and length of current population 151 .
2026-02-25 16:32:42,481 [INFO] - For chunk 1/1, generation 28/30 and length of current population 151 .
2026-02-25 16:32:42,772 [INFO] - For chunk 1/1, generation 29/30 and length of current population 151 .
2026-02-25 16:32:43,042 [INFO] - For chunk 1/1, generation 30/30 and length of current population 151 .
2026-02-25 16:32:43,047 [INFO] - Dataset iteration 2 for depth 3 in high volatility regime.
2026-02-25 16:32:43,553 [INFO] - For chunk 1/1, generation 1/30 and length of current population 151 .
2026-02-25 16:32:43,933 [INFO] - For chunk 1/1, generation 2/30 and length of current population 151 .
2026-02-25 16:32:44,285 [INFO] - For chunk 1/1, generation 3/30 and length of current population 151 .
2026-02-25 16:32:44,653 [INFO] - For chunk 1/1, generation 4/30 and length of current population 151 .
2026-02-25 16:32:45,025 [INFO] - For chunk 1/1, generation 5/30 and length of current population 151 .
2026-02-25 16:32:45,430 [INFO] - For chunk 1/1, generation 6/30 and length of current population 151 .
2026-02-25 16:32:45,800 [INFO] - For chunk 1/1, generation 7/30 and length of current population 151 .
2026-02-25 16:32:46,151 [INFO] - For chunk 1/1, generation 8/30 and length of current population 151 .
2026-02-25 16:32:47,541 [INFO] - For chunk 1/1, generation 9/30 and length of current population 151 .
2026-02-25 16:32:47,894 [INFO] - For chunk 1/1, generation 10/30 and length of current population 151 .
2026-02-25 16:32:48,256 [INFO] - For chunk 1/1, generation 11/30 and length of current population 151 .
2026-02-25 16:32:48,591 [INFO] - For chunk 1/1, generation 12/30 and length of current population 151 .
2026-02-25 16:32:48,921 [INFO] - For chunk 1/1, generation 13/30 and length of current population 151 .
2026-02-25 16:32:49,263 [INFO] - For chunk 1/1, generation 14/30 and length of current population 151 .
2026-02-25 16:32:49,591 [INFO] - For chunk 1/1, generation 15/30 and length of current population 151 .
2026-02-25 16:32:49,980 [INFO] - For chunk 1/1, generation 16/30 and length of current population 151 .
2026-02-25 16:32:50,371 [INFO] - For chunk 1/1, generation 17/30 and length of current population 151 .
2026-02-25 16:32:50,715 [INFO] - For chunk 1/1, generation 18/30 and length of current population 151 .
2026-02-25 16:32:51,059 [INFO] - For chunk 1/1, generation 19/30 and length of current population 151 .
2026-02-25 16:32:51,411 [INFO] - For chunk 1/1, generation 20/30 and length of current population 151 .
2026-02-25 16:32:51,781 [INFO] - For chunk 1/1, generation 21/30 and length of current population 151 .
2026-02-25 16:32:52,130 [INFO] - For chunk 1/1, generation 22/30 and length of current population 151 .
2026-02-25 16:32:52,530 [INFO] - For chunk 1/1, generation 23/30 and length of current population 151 .
2026-02-25 16:32:52,924 [INFO] - For chunk 1/1, generation 24/30 and length of current population 151 .
2026-02-25 16:32:53,247 [INFO] - For chunk 1/1, generation 25/30 and length of current population 151 .
2026-02-25 16:32:53,600 [INFO] - For chunk 1/1, generation 26/30 and length of current population 151 .
2026-02-25 16:32:53,967 [INFO] - For chunk 1/1, generation 27/30 and length of current population 151 .
2026-02-25 16:32:54,321 [INFO] - For chunk 1/1, generation 28/30 and length of current population 151 .
2026-02-25 16:32:54,679 [INFO] - For chunk 1/1, generation 29/30 and length of current population 151 .
2026-02-25 16:32:55,096 [INFO] - For chunk 1/1, generation 30/30 and length of current population 151 .
2026-02-25 16:32:55,104 [INFO] - Dataset iteration 2 for depth 2 in low volatility regime.
2026-02-25 16:32:55,630 [INFO] - For chunk 1/1, generation 1/30 and length of current population 151 .
2026-02-25 16:32:56,015 [INFO] - For chunk 1/1, generation 2/30 and length of current population 151 .
2026-02-25 16:32:56,376 [INFO] - For chunk 1/1, generation 3/30 and length of current population 151 .
2026-02-25 16:32:57,153 [INFO] - For chunk 1/1, generation 4/30 and length of current population 151 .
2026-02-25 16:32:57,527 [INFO] - For chunk 1/1, generation 5/30 and length of current population 151 .
2026-02-25 16:32:57,905 [INFO] - For chunk 1/1, generation 6/30 and length of current population 151 .
2026-02-25 16:32:58,221 [INFO] - For chunk 1/1, generation 7/30 and length of current population 151 .
2026-02-25 16:32:58,562 [INFO] - For chunk 1/1, generation 8/30 and length of current population 151 .
2026-02-25 16:32:58,903 [INFO] - For chunk 1/1, generation 9/30 and length of current population 151 .
2026-02-25 16:32:59,236 [INFO] - For chunk 1/1, generation 10/30 and length of current population 151 .
2026-02-25 16:32:59,586 [INFO] - For chunk 1/1, generation 11/30 and length of current population 151 .
2026-02-25 16:33:00,031 [INFO] - For chunk 1/1, generation 12/30 and length of current population 151 .
2026-02-25 16:33:00,424 [INFO] - For chunk 1/1, generation 13/30 and length of current population 151 .
2026-02-25 16:33:00,804 [INFO] - For chunk 1/1, generation 14/30 and length of current population 151 .
2026-02-25 16:33:01,154 [INFO] - For chunk 1/1, generation 15/30 and length of current population 151 .
2026-02-25 16:33:01,494 [INFO] - For chunk 1/1, generation 16/30 and length of current population 151 .
2026-02-25 16:33:01,860 [INFO] - For chunk 1/1, generation 17/30 and length of current population 151 .
2026-02-25 16:33:02,233 [INFO] - For chunk 1/1, generation 18/30 and length of current population 151 .
2026-02-25 16:33:02,591 [INFO] - For chunk 1/1, generation 19/30 and length of current population 151 .
2026-02-25 16:33:02,955 [INFO] - For chunk 1/1, generation 20/30 and length of current population 151 .
2026-02-25 16:33:03,311 [INFO] - For chunk 1/1, generation 21/30 and length of current population 151 .
2026-02-25 16:33:03,626 [INFO] - For chunk 1/1, generation 22/30 and length of current population 151 .
2026-02-25 16:33:03,984 [INFO] - For chunk 1/1, generation 23/30 and length of current population 151 .
2026-02-25 16:33:04,361 [INFO] - For chunk 1/1, generation 24/30 and length of current population 151 .
2026-02-25 16:33:04,722 [INFO] - For chunk 1/1, generation 25/30 and length of current population 151 .
2026-02-25 16:33:05,085 [INFO] - For chunk 1/1, generation 26/30 and length of current population 151 .
2026-02-25 16:33:05,462 [INFO] - For chunk 1/1, generation 27/30 and length of current population 151 .
2026-02-25 16:33:05,804 [INFO] - For chunk 1/1, generation 28/30 and length of current population 151 .
2026-02-25 16:33:06,165 [INFO] - For chunk 1/1, generation 29/30 and length of current population 151 .
2026-02-25 16:33:06,526 [INFO] - For chunk 1/1, generation 30/30 and length of current population 151 .
2026-02-25 16:33:06,531 [INFO] - Dataset iteration 2 for depth 3 in low volatility regime.
2026-02-25 16:33:07,122 [INFO] - For chunk 1/1, generation 1/30 and length of current population 151 .
2026-02-25 16:33:07,570 [INFO] - For chunk 1/1, generation 2/30 and length of current population 151 .
2026-02-25 16:33:08,013 [INFO] - For chunk 1/1, generation 3/30 and length of current population 151 .
2026-02-25 16:33:08,431 [INFO] - For chunk 1/1, generation 4/30 and length of current population 151 .
2026-02-25 16:33:08,850 [INFO] - For chunk 1/1, generation 5/30 and length of current population 151 .
2026-02-25 16:33:09,291 [INFO] - For chunk 1/1, generation 6/30 and length of current population 151 .
2026-02-25 16:33:09,711 [INFO] - For chunk 1/1, generation 7/30 and length of current population 151 .
2026-02-25 16:33:10,195 [INFO] - For chunk 1/1, generation 8/30 and length of current population 151 .
2026-02-25 16:33:10,610 [INFO] - For chunk 1/1, generation 9/30 and length of current population 151 .
2026-02-25 16:33:11,012 [INFO] - For chunk 1/1, generation 10/30 and length of current population 151 .
2026-02-25 16:33:11,421 [INFO] - For chunk 1/1, generation 11/30 and length of current population 151 .
2026-02-25 16:33:11,870 [INFO] - For chunk 1/1, generation 12/30 and length of current population 151 .
2026-02-25 16:33:12,316 [INFO] - For chunk 1/1, generation 13/30 and length of current population 151 .
2026-02-25 16:33:12,800 [INFO] - For chunk 1/1, generation 14/30 and length of current population 151 .
2026-02-25 16:33:13,232 [INFO] - For chunk 1/1, generation 15/30 and length of current population 151 .
2026-02-25 16:33:13,646 [INFO] - For chunk 1/1, generation 16/30 and length of current population 151 .
2026-02-25 16:33:14,051 [INFO] - For chunk 1/1, generation 17/30 and length of current population 151 .
2026-02-25 16:33:14,477 [INFO] - For chunk 1/1, generation 18/30 and length of current population 151 .
2026-02-25 16:33:14,915 [INFO] - For chunk 1/1, generation 19/30 and length of current population 151 .
2026-02-25 16:33:15,387 [INFO] - For chunk 1/1, generation 20/30 and length of current population 151 .
2026-02-25 16:33:15,813 [INFO] - For chunk 1/1, generation 21/30 and length of current population 151 .
2026-02-25 16:33:16,671 [INFO] - For chunk 1/1, generation 22/30 and length of current population 151 .
2026-02-25 16:33:17,135 [INFO] - For chunk 1/1, generation 23/30 and length of current population 151 .
2026-02-25 16:33:17,642 [INFO] - For chunk 1/1, generation 24/30 and length of current population 151 .
2026-02-25 16:33:18,053 [INFO] - For chunk 1/1, generation 25/30 and length of current population 151 .
2026-02-25 16:33:18,461 [INFO] - For chunk 1/1, generation 26/30 and length of current population 151 .
2026-02-25 16:33:18,853 [INFO] - For chunk 1/1, generation 27/30 and length of current population 151 .
2026-02-25 16:33:19,275 [INFO] - For chunk 1/1, generation 28/30 and length of current population 151 .
2026-02-25 16:33:19,701 [INFO] - For chunk 1/1, generation 29/30 and length of current population 151 .
2026-02-25 16:33:20,181 [INFO] - For chunk 1/1, generation 30/30 and length of current population 151 .
2026-02-25 16:33:59,002 [INFO] - Checkpoint saved successfully to checkpoint.pkl
2026-02-25 16:33:59,002 [INFO] -  Starting Iteration 3 | Train: 450-1450 | Test: 1450-1950 
2026-02-25 16:33:59,219 [INFO] - Running advanced evolution...
2026-02-25 16:33:59,223 [INFO] - Dataset iteration 3 for depth 2 in high volatility regime.
2026-02-25 16:33:59,545 [INFO] - For chunk 1/1, generation 1/30 and length of current population 151 .
2026-02-25 16:33:59,770 [INFO] - For chunk 1/1, generation 2/30 and length of current population 151 .
2026-02-25 16:34:00,053 [INFO] - For chunk 1/1, generation 3/30 and length of current population 151 .
2026-02-25 16:34:00,363 [INFO] - For chunk 1/1, generation 4/30 and length of current population 151 .
2026-02-25 16:34:00,601 [INFO] - For chunk 1/1, generation 5/30 and length of current population 151 .
2026-02-25 16:34:00,840 [INFO] - For chunk 1/1, generation 6/30 and length of current population 151 .
2026-02-25 16:34:01,082 [INFO] - For chunk 1/1, generation 7/30 and length of current population 151 .
2026-02-25 16:34:01,310 [INFO] - For chunk 1/1, generation 8/30 and length of current population 151 .
2026-02-25 16:34:01,546 [INFO] - For chunk 1/1, generation 9/30 and length of current population 151 .
2026-02-25 16:34:01,790 [INFO] - For chunk 1/1, generation 10/30 and length of current population 151 .
2026-02-25 16:34:02,045 [INFO] - For chunk 1/1, generation 11/30 and length of current population 151 .
2026-02-25 16:34:02,285 [INFO] - For chunk 1/1, generation 12/30 and length of current population 151 .
2026-02-25 16:34:02,552 [INFO] - For chunk 1/1, generation 13/30 and length of current population 151 .
2026-02-25 16:34:02,823 [INFO] - For chunk 1/1, generation 14/30 and length of current population 151 .
2026-02-25 16:34:03,061 [INFO] - For chunk 1/1, generation 15/30 and length of current population 151 .
2026-02-25 16:34:03,302 [INFO] - For chunk 1/1, generation 16/30 and length of current population 151 .
2026-02-25 16:34:03,540 [INFO] - For chunk 1/1, generation 17/30 and length of current population 151 .
2026-02-25 16:34:03,780 [INFO] - For chunk 1/1, generation 18/30 and length of current population 151 .
2026-02-25 16:34:04,008 [INFO] - For chunk 1/1, generation 19/30 and length of current population 151 .
2026-02-25 16:34:04,213 [INFO] - For chunk 1/1, generation 20/30 and length of current population 151 .
2026-02-25 16:34:04,445 [INFO] - For chunk 1/1, generation 21/30 and length of current population 151 .
2026-02-25 16:34:04,700 [INFO] - For chunk 1/1, generation 22/30 and length of current population 151 .
2026-02-25 16:34:04,950 [INFO] - For chunk 1/1, generation 23/30 and length of current population 151 .
2026-02-25 16:34:05,248 [INFO] - For chunk 1/1, generation 24/30 and length of current population 151 .
2026-02-25 16:34:05,494 [INFO] - For chunk 1/1, generation 25/30 and length of current population 151 .
2026-02-25 16:34:05,735 [INFO] - For chunk 1/1, generation 26/30 and length of current population 151 .
2026-02-25 16:34:05,980 [INFO] - For chunk 1/1, generation 27/30 and length of current population 151 .
2026-02-25 16:34:06,218 [INFO] - For chunk 1/1, generation 28/30 and length of current population 151 .
2026-02-25 16:34:06,450 [INFO] - For chunk 1/1, generation 29/30 and length of current population 151 .
2026-02-25 16:34:06,690 [INFO] - For chunk 1/1, generation 30/30 and length of current population 151 .
2026-02-25 16:34:06,696 [INFO] - Dataset iteration 3 for depth 3 in high volatility regime.
2026-02-25 16:34:07,130 [INFO] - For chunk 1/1, generation 1/30 and length of current population 151 .
2026-02-25 16:34:07,440 [INFO] - For chunk 1/1, generation 2/30 and length of current population 151 .
2026-02-25 16:34:07,822 [INFO] - For chunk 1/1, generation 3/30 and length of current population 151 .
2026-02-25 16:34:08,147 [INFO] - For chunk 1/1, generation 4/30 and length of current population 151 .
2026-02-25 16:34:09,500 [INFO] - For chunk 1/1, generation 5/30 and length of current population 151 .
2026-02-25 16:34:09,820 [INFO] - For chunk 1/1, generation 6/30 and length of current population 151 .
2026-02-25 16:34:10,155 [INFO] - For chunk 1/1, generation 7/30 and length of current population 151 .
2026-02-25 16:34:10,484 [INFO] - For chunk 1/1, generation 8/30 and length of current population 151 .
2026-02-25 16:34:10,805 [INFO] - For chunk 1/1, generation 9/30 and length of current population 151 .
2026-02-25 16:34:11,116 [INFO] - For chunk 1/1, generation 10/30 and length of current population 151 .
2026-02-25 16:34:11,437 [INFO] - For chunk 1/1, generation 11/30 and length of current population 151 .
2026-02-25 16:34:11,760 [INFO] - For chunk 1/1, generation 12/30 and length of current population 151 .
2026-02-25 16:34:12,080 [INFO] - For chunk 1/1, generation 13/30 and length of current population 151 .
2026-02-25 16:34:12,410 [INFO] - For chunk 1/1, generation 14/30 and length of current population 151 .
2026-02-25 16:34:12,856 [INFO] - For chunk 1/1, generation 15/30 and length of current population 151 .
2026-02-25 16:34:13,183 [INFO] - For chunk 1/1, generation 16/30 and length of current population 151 .
2026-02-25 16:34:13,510 [INFO] - For chunk 1/1, generation 17/30 and length of current population 151 .
2026-02-25 16:34:13,830 [INFO] - For chunk 1/1, generation 18/30 and length of current population 151 .
2026-02-25 16:34:14,160 [INFO] - For chunk 1/1, generation 19/30 and length of current population 151 .
2026-02-25 16:34:14,503 [INFO] - For chunk 1/1, generation 20/30 and length of current population 151 .
2026-02-25 16:34:14,835 [INFO] - For chunk 1/1, generation 21/30 and length of current population 151 .
2026-02-25 16:34:15,630 [INFO] - For chunk 1/1, generation 22/30 and length of current population 151 .
2026-02-25 16:34:15,963 [INFO] - For chunk 1/1, generation 23/30 and length of current population 151 .
2026-02-25 16:34:16,340 [INFO] - For chunk 1/1, generation 24/30 and length of current population 151 .
2026-02-25 16:34:16,690 [INFO] - For chunk 1/1, generation 25/30 and length of current population 151 .
2026-02-25 16:34:17,043 [INFO] - For chunk 1/1, generation 26/30 and length of current population 151 .
2026-02-25 16:34:17,383 [INFO] - For chunk 1/1, generation 27/30 and length of current population 151 .
2026-02-25 16:34:17,835 [INFO] - For chunk 1/1, generation 28/30 and length of current population 151 .
2026-02-25 16:34:18,206 [INFO] - For chunk 1/1, generation 29/30 and length of current population 151 .
2026-02-25 16:34:18,590 [INFO] - For chunk 1/1, generation 30/30 and length of current population 151 .
2026-02-25 16:34:18,596 [INFO] - Dataset iteration 3 for depth 2 in low volatility regime.
2026-02-25 16:34:19,035 [INFO] - For chunk 1/1, generation 1/30 and length of current population 151 .
2026-02-25 16:34:19,347 [INFO] - For chunk 1/1, generation 2/30 and length of current population 151 .
2026-02-25 16:34:19,665 [INFO] - For chunk 1/1, generation 3/30 and length of current population 151 .
2026-02-25 16:34:20,033 [INFO] - For chunk 1/1, generation 4/30 and length of current population 151 .
2026-02-25 16:34:20,400 [INFO] - For chunk 1/1, generation 5/30 and length of current population 151 .
2026-02-25 16:34:20,747 [INFO] - For chunk 1/1, generation 6/30 and length of current population 151 .
2026-02-25 16:34:21,080 [INFO] - For chunk 1/1, generation 7/30 and length of current population 151 .
2026-02-25 16:34:21,392 [INFO] - For chunk 1/1, generation 8/30 and length of current population 151 .
2026-02-25 16:34:21,730 [INFO] - For chunk 1/1, generation 9/30 and length of current population 151 .
2026-02-25 16:34:22,055 [INFO] - For chunk 1/1, generation 10/30 and length of current population 151 .
2026-02-25 16:34:22,375 [INFO] - For chunk 1/1, generation 11/30 and length of current population 151 .
2026-02-25 16:34:22,753 [INFO] - For chunk 1/1, generation 12/30 and length of current population 151 .
2026-02-25 16:34:23,110 [INFO] - For chunk 1/1, generation 13/30 and length of current population 151 .
2026-02-25 16:34:23,435 [INFO] - For chunk 1/1, generation 14/30 and length of current population 151 .
2026-02-25 16:34:23,760 [INFO] - For chunk 1/1, generation 15/30 and length of current population 151 .
2026-02-25 16:34:24,110 [INFO] - For chunk 1/1, generation 16/30 and length of current population 151 .
2026-02-25 16:34:24,429 [INFO] - For chunk 1/1, generation 17/30 and length of current population 151 .
2026-02-25 16:34:24,768 [INFO] - For chunk 1/1, generation 18/30 and length of current population 151 .
2026-02-25 16:34:25,132 [INFO] - For chunk 1/1, generation 19/30 and length of current population 151 .
2026-02-25 16:34:25,464 [INFO] - For chunk 1/1, generation 20/30 and length of current population 151 .
2026-02-25 16:34:25,790 [INFO] - For chunk 1/1, generation 21/30 and length of current population 151 .
2026-02-25 16:34:26,130 [INFO] - For chunk 1/1, generation 22/30 and length of current population 151 .
2026-02-25 16:34:26,443 [INFO] - For chunk 1/1, generation 23/30 and length of current population 151 .
2026-02-25 16:34:26,774 [INFO] - For chunk 1/1, generation 24/30 and length of current population 151 .
2026-02-25 16:34:27,120 [INFO] - For chunk 1/1, generation 25/30 and length of current population 151 .
2026-02-25 16:34:27,424 [INFO] - For chunk 1/1, generation 26/30 and length of current population 151 .
2026-02-25 16:34:27,834 [INFO] - For chunk 1/1, generation 27/30 and length of current population 151 .
2026-02-25 16:34:28,165 [INFO] - For chunk 1/1, generation 28/30 and length of current population 151 .
2026-02-25 16:34:28,489 [INFO] - For chunk 1/1, generation 29/30 and length of current population 151 .
2026-02-25 16:34:28,814 [INFO] - For chunk 1/1, generation 30/30 and length of current population 151 .
2026-02-25 16:34:28,823 [INFO] - Dataset iteration 3 for depth 3 in low volatility regime.
2026-02-25 16:34:29,330 [INFO] - For chunk 1/1, generation 1/30 and length of current population 151 .
2026-02-25 16:34:29,740 [INFO] - For chunk 1/1, generation 2/30 and length of current population 151 .
2026-02-25 16:34:30,215 [INFO] - For chunk 1/1, generation 3/30 and length of current population 151 .
2026-02-25 16:34:31,065 [INFO] - For chunk 1/1, generation 4/30 and length of current population 151 .
2026-02-25 16:34:31,451 [INFO] - For chunk 1/1, generation 5/30 and length of current population 151 .
2026-02-25 16:34:31,885 [INFO] - For chunk 1/1, generation 6/30 and length of current population 151 .
2026-02-25 16:34:32,296 [INFO] - For chunk 1/1, generation 7/30 and length of current population 151 .
2026-02-25 16:34:32,794 [INFO] - For chunk 1/1, generation 8/30 and length of current population 151 .
2026-02-25 16:34:33,240 [INFO] - For chunk 1/1, generation 9/30 and length of current population 151 .
2026-02-25 16:34:33,664 [INFO] - For chunk 1/1, generation 10/30 and length of current population 151 .
2026-02-25 16:34:34,085 [INFO] - For chunk 1/1, generation 11/30 and length of current population 151 .
2026-02-25 16:34:34,490 [INFO] - For chunk 1/1, generation 12/30 and length of current population 151 .
2026-02-25 16:34:34,934 [INFO] - For chunk 1/1, generation 13/30 and length of current population 151 .
2026-02-25 16:34:35,409 [INFO] - For chunk 1/1, generation 14/30 and length of current population 151 .
2026-02-25 16:34:35,855 [INFO] - For chunk 1/1, generation 15/30 and length of current population 151 .
2026-02-25 16:34:36,320 [INFO] - For chunk 1/1, generation 16/30 and length of current population 151 .
2026-02-25 16:34:36,770 [INFO] - For chunk 1/1, generation 17/30 and length of current population 151 .
2026-02-25 16:34:37,260 [INFO] - For chunk 1/1, generation 18/30 and length of current population 151 .
2026-02-25 16:34:37,812 [INFO] - For chunk 1/1, generation 19/30 and length of current population 151 .
2026-02-25 16:34:38,310 [INFO] - For chunk 1/1, generation 20/30 and length of current population 151 .
2026-02-25 16:34:38,786 [INFO] - For chunk 1/1, generation 21/30 and length of current population 151 .
2026-02-25 16:34:39,335 [INFO] - For chunk 1/1, generation 22/30 and length of current population 151 .
2026-02-25 16:34:39,884 [INFO] - For chunk 1/1, generation 23/30 and length of current population 151 .
2026-02-25 16:34:40,450 [INFO] - For chunk 1/1, generation 24/30 and length of current population 151 .
2026-02-25 16:34:40,996 [INFO] - For chunk 1/1, generation 25/30 and length of current population 151 .
2026-02-25 16:34:41,580 [INFO] - For chunk 1/1, generation 26/30 and length of current population 151 .
2026-02-25 16:34:42,195 [INFO] - For chunk 1/1, generation 27/30 and length of current population 151 .
2026-02-25 16:34:43,240 [INFO] - For chunk 1/1, generation 28/30 and length of current population 151 .
2026-02-25 16:34:43,857 [INFO] - For chunk 1/1, generation 29/30 and length of current population 151 .
2026-02-25 16:34:44,524 [INFO] - For chunk 1/1, generation 30/30 and length of current population 151 .
2026-02-25 16:35:21,500 [INFO] - Checkpoint saved successfully to checkpoint.pkl
2026-02-25 16:35:21,500 [INFO] -  Starting Iteration 4 | Train: 600-1600 | Test: 1600-2100 
2026-02-25 16:35:21,730 [INFO] - Running advanced evolution...
2026-02-25 16:35:21,735 [INFO] - Dataset iteration 4 for depth 2 in high volatility regime.
2026-02-25 16:35:22,075 [INFO] - For chunk 1/1, generation 1/30 and length of current population 151 .
2026-02-25 16:35:22,326 [INFO] - For chunk 1/1, generation 2/30 and length of current population 151 .
2026-02-25 16:35:22,563 [INFO] - For chunk 1/1, generation 3/30 and length of current population 151 .
2026-02-25 16:35:22,876 [INFO] - For chunk 1/1, generation 4/30 and length of current population 151 .
2026-02-25 16:35:23,116 [INFO] - For chunk 1/1, generation 5/30 and length of current population 151 .
2026-02-25 16:35:23,332 [INFO] - For chunk 1/1, generation 6/30 and length of current population 151 .
2026-02-25 16:35:23,565 [INFO] - For chunk 1/1, generation 7/30 and length of current population 151 .
2026-02-25 16:35:23,807 [INFO] - For chunk 1/1, generation 8/30 and length of current population 151 .
2026-02-25 16:35:24,060 [INFO] - For chunk 1/1, generation 9/30 and length of current population 151 .
2026-02-25 16:35:24,295 [INFO] - For chunk 1/1, generation 10/30 and length of current population 151 .
2026-02-25 16:35:24,535 [INFO] - For chunk 1/1, generation 11/30 and length of current population 151 .
2026-02-25 16:35:24,762 [INFO] - For chunk 1/1, generation 12/30 and length of current population 151 .
2026-02-25 16:35:25,005 [INFO] - For chunk 1/1, generation 13/30 and length of current population 151 .
2026-02-25 16:35:25,300 [INFO] - For chunk 1/1, generation 14/30 and length of current population 151 .
2026-02-25 16:35:25,560 [INFO] - For chunk 1/1, generation 15/30 and length of current population 151 .
2026-02-25 16:35:25,790 [INFO] - For chunk 1/1, generation 16/30 and length of current population 151 .
2026-02-25 16:35:26,045 [INFO] - For chunk 1/1, generation 17/30 and length of current population 151 .
2026-02-25 16:35:26,290 [INFO] - For chunk 1/1, generation 18/30 and length of current population 151 .
2026-02-25 16:35:26,537 [INFO] - For chunk 1/1, generation 19/30 and length of current population 151 .
2026-02-25 16:35:26,790 [INFO] - For chunk 1/1, generation 20/30 and length of current population 151 .
2026-02-25 16:35:27,045 [INFO] - For chunk 1/1, generation 21/30 and length of current population 151 .
2026-02-25 16:35:27,290 [INFO] - For chunk 1/1, generation 22/30 and length of current population 151 .
2026-02-25 16:35:27,566 [INFO] - For chunk 1/1, generation 23/30 and length of current population 151 .
2026-02-25 16:35:27,854 [INFO] - For chunk 1/1, generation 24/30 and length of current population 151 .
2026-02-25 16:35:28,100 [INFO] - For chunk 1/1, generation 25/30 and length of current population 151 .
2026-02-25 16:35:28,340 [INFO] - For chunk 1/1, generation 26/30 and length of current population 151 .
2026-02-25 16:35:28,586 [INFO] - For chunk 1/1, generation 27/30 and length of current population 151 .
2026-02-25 16:35:28,830 [INFO] - For chunk 1/1, generation 28/30 and length of current population 151 .
2026-02-25 16:35:29,080 [INFO] - For chunk 1/1, generation 29/30 and length of current population 151 .
2026-02-25 16:35:29,305 [INFO] - For chunk 1/1, generation 30/30 and length of current population 151 .
2026-02-25 16:35:29,310 [INFO] - Dataset iteration 4 for depth 3 in high volatility regime.
2026-02-25 16:35:29,772 [INFO] - For chunk 1/1, generation 1/30 and length of current population 151 .
2026-02-25 16:35:30,213 [INFO] - For chunk 1/1, generation 2/30 and length of current population 151 .
2026-02-25 16:35:30,605 [INFO] - For chunk 1/1, generation 3/30 and length of current population 151 .
2026-02-25 16:35:30,996 [INFO] - For chunk 1/1, generation 4/30 and length of current population 151 .
2026-02-25 16:35:31,363 [INFO] - For chunk 1/1, generation 5/30 and length of current population 151 .
2026-02-25 16:35:31,735 [INFO] - For chunk 1/1, generation 6/30 and length of current population 151 .
2026-02-25 16:35:33,175 [INFO] - For chunk 1/1, generation 7/30 and length of current population 151 .
2026-02-25 16:35:33,576 [INFO] - For chunk 1/1, generation 8/30 and length of current population 151 .
2026-02-25 16:35:33,965 [INFO] - For chunk 1/1, generation 9/30 and length of current population 151 .
2026-02-25 16:35:34,375 [INFO] - For chunk 1/1, generation 10/30 and length of current population 151 .
2026-02-25 16:35:34,770 [INFO] - For chunk 1/1, generation 11/30 and length of current population 151 .
2026-02-25 16:35:35,175 [INFO] - For chunk 1/1, generation 12/30 and length of current population 151 .
2026-02-25 16:35:35,580 [INFO] - For chunk 1/1, generation 13/30 and length of current population 151 .
2026-02-25 16:35:35,950 [INFO] - For chunk 1/1, generation 14/30 and length of current population 151 .
2026-02-25 16:35:36,308 [INFO] - For chunk 1/1, generation 15/30 and length of current population 151 .
2026-02-25 16:35:36,695 [INFO] - For chunk 1/1, generation 16/30 and length of current population 151 .
2026-02-25 16:35:37,090 [INFO] - For chunk 1/1, generation 17/30 and length of current population 151 .
2026-02-25 16:35:37,465 [INFO] - For chunk 1/1, generation 18/30 and length of current population 151 .
2026-02-25 16:35:37,910 [INFO] - For chunk 1/1, generation 19/30 and length of current population 151 .
2026-02-25 16:35:38,284 [INFO] - For chunk 1/1, generation 20/30 and length of current population 151 .
2026-02-25 16:35:38,652 [INFO] - For chunk 1/1, generation 21/30 and length of current population 151 .
2026-02-25 16:35:39,060 [INFO] - For chunk 1/1, generation 22/30 and length of current population 151 .
2026-02-25 16:35:39,445 [INFO] - For chunk 1/1, generation 23/30 and length of current population 151 .
2026-02-25 16:35:39,815 [INFO] - For chunk 1/1, generation 24/30 and length of current population 151 .
2026-02-25 16:35:40,257 [INFO] - For chunk 1/1, generation 25/30 and length of current population 151 .
2026-02-25 16:35:41,080 [INFO] - For chunk 1/1, generation 26/30 and length of current population 151 .
2026-02-25 16:35:41,482 [INFO] - For chunk 1/1, generation 27/30 and length of current population 151 .
2026-02-25 16:35:41,908 [INFO] - For chunk 1/1, generation 28/30 and length of current population 151 .
2026-02-25 16:35:42,295 [INFO] - For chunk 1/1, generation 29/30 and length of current population 151 .
2026-02-25 16:35:42,765 [INFO] - For chunk 1/1, generation 30/30 and length of current population 151 .
2026-02-25 16:35:42,773 [INFO] - Dataset iteration 4 for depth 2 in low volatility regime.
2026-02-25 16:35:43,162 [INFO] - For chunk 1/1, generation 1/30 and length of current population 151 .
2026-02-25 16:35:43,432 [INFO] - For chunk 1/1, generation 2/30 and length of current population 151 .
2026-02-25 16:35:43,722 [INFO] - For chunk 1/1, generation 3/30 and length of current population 151 .
2026-02-25 16:35:44,013 [INFO] - For chunk 1/1, generation 4/30 and length of current population 151 .
2026-02-25 16:35:44,314 [INFO] - For chunk 1/1, generation 5/30 and length of current population 151 .
2026-02-25 16:35:44,590 [INFO] - For chunk 1/1, generation 6/30 and length of current population 151 .
2026-02-25 16:35:44,870 [INFO] - For chunk 1/1, generation 7/30 and length of current population 151 .
2026-02-25 16:35:45,180 [INFO] - For chunk 1/1, generation 8/30 and length of current population 151 .
2026-02-25 16:35:45,485 [INFO] - For chunk 1/1, generation 9/30 and length of current population 151 .
2026-02-25 16:35:45,760 [INFO] - For chunk 1/1, generation 10/30 and length of current population 151 .
2026-02-25 16:35:46,043 [INFO] - For chunk 1/1, generation 11/30 and length of current population 151 .
2026-02-25 16:35:46,318 [INFO] - For chunk 1/1, generation 12/30 and length of current population 151 .
2026-02-25 16:35:46,603 [INFO] - For chunk 1/1, generation 13/30 and length of current population 151 .
2026-02-25 16:35:46,880 [INFO] - For chunk 1/1, generation 14/30 and length of current population 151 .
2026-02-25 16:35:47,162 [INFO] - For chunk 1/1, generation 15/30 and length of current population 151 .
2026-02-25 16:35:47,456 [INFO] - For chunk 1/1, generation 16/30 and length of current population 151 .
2026-02-25 16:35:47,826 [INFO] - For chunk 1/1, generation 17/30 and length of current population 151 .
2026-02-25 16:35:48,113 [INFO] - For chunk 1/1, generation 18/30 and length of current population 151 .
2026-02-25 16:35:48,402 [INFO] - For chunk 1/1, generation 19/30 and length of current population 151 .
2026-02-25 16:35:48,701 [INFO] - For chunk 1/1, generation 20/30 and length of current population 151 .
2026-02-25 16:35:49,023 [INFO] - For chunk 1/1, generation 21/30 and length of current population 151 .
2026-02-25 16:35:49,335 [INFO] - For chunk 1/1, generation 22/30 and length of current population 151 .
2026-02-25 16:35:49,627 [INFO] - For chunk 1/1, generation 23/30 and length of current population 151 .
2026-02-25 16:35:49,915 [INFO] - For chunk 1/1, generation 24/30 and length of current population 151 .
2026-02-25 16:35:50,242 [INFO] - For chunk 1/1, generation 25/30 and length of current population 151 .
2026-02-25 16:35:50,540 [INFO] - For chunk 1/1, generation 26/30 and length of current population 151 .
2026-02-25 16:35:50,830 [INFO] - For chunk 1/1, generation 27/30 and length of current population 151 .
2026-02-25 16:35:51,125 [INFO] - For chunk 1/1, generation 28/30 and length of current population 151 .
2026-02-25 16:35:51,410 [INFO] - For chunk 1/1, generation 29/30 and length of current population 151 .
2026-02-25 16:35:51,702 [INFO] - For chunk 1/1, generation 30/30 and length of current population 151 .
2026-02-25 16:35:51,710 [INFO] - Dataset iteration 4 for depth 3 in low volatility regime.
2026-02-25 16:35:52,303 [INFO] - For chunk 1/1, generation 1/30 and length of current population 151 .
2026-02-25 16:35:52,858 [INFO] - For chunk 1/1, generation 2/30 and length of current population 151 .
2026-02-25 16:35:53,353 [INFO] - For chunk 1/1, generation 3/30 and length of current population 151 .
2026-02-25 16:35:53,830 [INFO] - For chunk 1/1, generation 4/30 and length of current population 151 .
2026-02-25 16:35:54,325 [INFO] - For chunk 1/1, generation 5/30 and length of current population 151 .
2026-02-25 16:35:55,395 [INFO] - For chunk 1/1, generation 6/30 and length of current population 151 .
2026-02-25 16:35:55,942 [INFO] - For chunk 1/1, generation 7/30 and length of current population 151 .
2026-02-25 16:35:56,459 [INFO] - For chunk 1/1, generation 8/30 and length of current population 151 .
2026-02-25 16:35:56,950 [INFO] - For chunk 1/1, generation 9/30 and length of current population 151 .
2026-02-25 16:35:57,440 [INFO] - For chunk 1/1, generation 10/30 and length of current population 151 .
2026-02-25 16:35:57,995 [INFO] - For chunk 1/1, generation 11/30 and length of current population 151 .
2026-02-25 16:35:58,480 [INFO] - For chunk 1/1, generation 12/30 and length of current population 151 .
2026-02-25 16:35:58,953 [INFO] - For chunk 1/1, generation 13/30 and length of current population 151 .
2026-02-25 16:35:59,465 [INFO] - For chunk 1/1, generation 14/30 and length of current population 151 .
2026-02-25 16:35:59,940 [INFO] - For chunk 1/1, generation 15/30 and length of current population 151 .
2026-02-25 16:36:00,495 [INFO] - For chunk 1/1, generation 16/30 and length of current population 151 .
2026-02-25 16:36:01,004 [INFO] - For chunk 1/1, generation 17/30 and length of current population 151 .
2026-02-25 16:36:01,515 [INFO] - For chunk 1/1, generation 18/30 and length of current population 151 .
2026-02-25 16:36:02,040 [INFO] - For chunk 1/1, generation 19/30 and length of current population 151 .
2026-02-25 16:36:02,562 [INFO] - For chunk 1/1, generation 20/30 and length of current population 151 .
2026-02-25 16:36:03,139 [INFO] - For chunk 1/1, generation 21/30 and length of current population 151 .
2026-02-25 16:36:03,681 [INFO] - For chunk 1/1, generation 22/30 and length of current population 151 .
2026-02-25 16:36:04,623 [INFO] - For chunk 1/1, generation 23/30 and length of current population 151 .
2026-02-25 16:36:05,250 [INFO] - For chunk 1/1, generation 24/30 and length of current population 151 .
2026-02-25 16:36:05,792 [INFO] - For chunk 1/1, generation 25/30 and length of current population 151 .
2026-02-25 16:36:06,378 [INFO] - For chunk 1/1, generation 26/30 and length of current population 151 .
2026-02-25 16:36:06,988 [INFO] - For chunk 1/1, generation 27/30 and length of current population 151 .
2026-02-25 16:36:07,570 [INFO] - For chunk 1/1, generation 28/30 and length of current population 151 .
2026-02-25 16:36:08,270 [INFO] - For chunk 1/1, generation 29/30 and length of current population 151 .
2026-02-25 16:36:08,883 [INFO] - For chunk 1/1, generation 30/30 and length of current population 151 .
2026-02-25 16:36:46,632 [INFO] - Checkpoint saved successfully to checkpoint.pkl
2026-02-25 16:36:46,632 [INFO] -  Starting Iteration 5 | Train: 750-1750 | Test: 1750-2250 
2026-02-25 16:36:46,850 [INFO] - Running advanced evolution...
2026-02-25 16:36:46,857 [INFO] - Dataset iteration 5 for depth 2 in high volatility regime.
2026-02-25 16:36:47,208 [INFO] - For chunk 1/1, generation 1/30 and length of current population 151 .
2026-02-25 16:36:47,460 [INFO] - For chunk 1/1, generation 2/30 and length of current population 151 .
2026-02-25 16:36:47,779 [INFO] - For chunk 1/1, generation 3/30 and length of current population 151 .
2026-02-25 16:36:48,030 [INFO] - For chunk 1/1, generation 4/30 and length of current population 151 .
2026-02-25 16:36:48,290 [INFO] - For chunk 1/1, generation 5/30 and length of current population 151 .
2026-02-25 16:36:48,536 [INFO] - For chunk 1/1, generation 6/30 and length of current population 151 .
2026-02-25 16:36:48,780 [INFO] - For chunk 1/1, generation 7/30 and length of current population 151 .
2026-02-25 16:36:49,029 [INFO] - For chunk 1/1, generation 8/30 and length of current population 151 .
2026-02-25 16:36:49,280 [INFO] - For chunk 1/1, generation 9/30 and length of current population 151 .
2026-02-25 16:36:49,534 [INFO] - For chunk 1/1, generation 10/30 and length of current population 151 .
2026-02-25 16:36:49,790 [INFO] - For chunk 1/1, generation 11/30 and length of current population 151 .
2026-02-25 16:36:50,040 [INFO] - For chunk 1/1, generation 12/30 and length of current population 151 .
2026-02-25 16:36:50,336 [INFO] - For chunk 1/1, generation 13/30 and length of current population 151 .
2026-02-25 16:36:50,587 [INFO] - For chunk 1/1, generation 14/30 and length of current population 151 .
2026-02-25 16:36:50,831 [INFO] - For chunk 1/1, generation 15/30 and length of current population 151 .
2026-02-25 16:36:51,080 [INFO] - For chunk 1/1, generation 16/30 and length of current population 151 .
2026-02-25 16:36:51,360 [INFO] - For chunk 1/1, generation 17/30 and length of current population 151 .
2026-02-25 16:36:51,629 [INFO] - For chunk 1/1, generation 18/30 and length of current population 151 .
2026-02-25 16:36:51,905 [INFO] - For chunk 1/1, generation 19/30 and length of current population 151 .
2026-02-25 16:36:52,165 [INFO] - For chunk 1/1, generation 20/30 and length of current population 151 .
2026-02-25 16:36:52,420 [INFO] - For chunk 1/1, generation 21/30 and length of current population 151 .
2026-02-25 16:36:52,700 [INFO] - For chunk 1/1, generation 22/30 and length of current population 151 .
2026-02-25 16:36:52,985 [INFO] - For chunk 1/1, generation 23/30 and length of current population 151 .
2026-02-25 16:36:53,230 [INFO] - For chunk 1/1, generation 24/30 and length of current population 151 .
2026-02-25 16:36:53,480 [INFO] - For chunk 1/1, generation 25/30 and length of current population 151 .
2026-02-25 16:36:53,740 [INFO] - For chunk 1/1, generation 26/30 and length of current population 151 .
2026-02-25 16:36:55,025 [INFO] - For chunk 1/1, generation 27/30 and length of current population 151 .
2026-02-25 16:36:55,294 [INFO] - For chunk 1/1, generation 28/30 and length of current population 151 .
2026-02-25 16:36:55,566 [INFO] - For chunk 1/1, generation 29/30 and length of current population 151 .
2026-02-25 16:36:55,820 [INFO] - For chunk 1/1, generation 30/30 and length of current population 151 .
2026-02-25 16:36:55,820 [INFO] - Dataset iteration 5 for depth 3 in high volatility regime.
2026-02-25 16:36:56,318 [INFO] - For chunk 1/1, generation 1/30 and length of current population 151 .
2026-02-25 16:36:56,680 [INFO] - For chunk 1/1, generation 2/30 and length of current population 151 .
2026-02-25 16:36:57,051 [INFO] - For chunk 1/1, generation 3/30 and length of current population 151 .
2026-02-25 16:36:57,410 [INFO] - For chunk 1/1, generation 4/30 and length of current population 151 .
2026-02-25 16:36:57,852 [INFO] - For chunk 1/1, generation 5/30 and length of current population 151 .
2026-02-25 16:36:58,248 [INFO] - For chunk 1/1, generation 6/30 and length of current population 151 .
2026-02-25 16:36:58,630 [INFO] - For chunk 1/1, generation 7/30 and length of current population 151 .
2026-02-25 16:36:59,014 [INFO] - For chunk 1/1, generation 8/30 and length of current population 151 .
2026-02-25 16:36:59,410 [INFO] - For chunk 1/1, generation 9/30 and length of current population 151 .
2026-02-25 16:36:59,801 [INFO] - For chunk 1/1, generation 10/30 and length of current population 151 .
2026-02-25 16:37:00,212 [INFO] - For chunk 1/1, generation 11/30 and length of current population 151 .
2026-02-25 16:37:00,627 [INFO] - For chunk 1/1, generation 12/30 and length of current population 151 .
2026-02-25 16:37:01,003 [INFO] - For chunk 1/1, generation 13/30 and length of current population 151 .
2026-02-25 16:37:01,384 [INFO] - For chunk 1/1, generation 14/30 and length of current population 151 .
2026-02-25 16:37:01,770 [INFO] - For chunk 1/1, generation 15/30 and length of current population 151 .
2026-02-25 16:37:02,158 [INFO] - For chunk 1/1, generation 16/30 and length of current population 151 .
2026-02-25 16:37:02,565 [INFO] - For chunk 1/1, generation 17/30 and length of current population 151 .
2026-02-25 16:37:03,029 [INFO] - For chunk 1/1, generation 18/30 and length of current population 151 .
2026-02-25 16:37:03,461 [INFO] - For chunk 1/1, generation 19/30 and length of current population 151 .
2026-02-25 16:37:04,252 [INFO] - For chunk 1/1, generation 20/30 and length of current population 151 .
2026-02-25 16:37:04,705 [INFO] - For chunk 1/1, generation 21/30 and length of current population 151 .
2026-02-25 16:37:05,156 [INFO] - For chunk 1/1, generation 22/30 and length of current population 151 .
2026-02-25 16:37:05,689 [INFO] - For chunk 1/1, generation 23/30 and length of current population 151 .
2026-02-25 16:37:06,204 [INFO] - For chunk 1/1, generation 24/30 and length of current population 151 .
2026-02-25 16:37:06,676 [INFO] - For chunk 1/1, generation 25/30 and length of current population 151 .
2026-02-25 16:37:07,121 [INFO] - For chunk 1/1, generation 26/30 and length of current population 151 .
2026-02-25 16:37:07,560 [INFO] - For chunk 1/1, generation 27/30 and length of current population 151 .
2026-02-25 16:37:08,083 [INFO] - For chunk 1/1, generation 28/30 and length of current population 151 .
2026-02-25 16:37:08,550 [INFO] - For chunk 1/1, generation 29/30 and length of current population 151 .
2026-02-25 16:37:09,011 [INFO] - For chunk 1/1, generation 30/30 and length of current population 151 .
2026-02-25 16:37:09,025 [INFO] - Dataset iteration 5 for depth 2 in low volatility regime.
2026-02-25 16:37:09,410 [INFO] - For chunk 1/1, generation 1/30 and length of current population 151 .
2026-02-25 16:37:09,680 [INFO] - For chunk 1/1, generation 2/30 and length of current population 151 .
2026-02-25 16:37:09,958 [INFO] - For chunk 1/1, generation 3/30 and length of current population 151 .
2026-02-25 16:37:10,241 [INFO] - For chunk 1/1, generation 4/30 and length of current population 151 .
2026-02-25 16:37:10,563 [INFO] - For chunk 1/1, generation 5/30 and length of current population 151 .
2026-02-25 16:37:10,867 [INFO] - For chunk 1/1, generation 6/30 and length of current population 151 .
2026-02-25 16:37:11,152 [INFO] - For chunk 1/1, generation 7/30 and length of current population 151 .
2026-02-25 16:37:11,424 [INFO] - For chunk 1/1, generation 8/30 and length of current population 151 .
2026-02-25 16:37:11,696 [INFO] - For chunk 1/1, generation 9/30 and length of current population 151 .
2026-02-25 16:37:11,970 [INFO] - For chunk 1/1, generation 10/30 and length of current population 151 .
2026-02-25 16:37:12,279 [INFO] - For chunk 1/1, generation 11/30 and length of current population 151 .
2026-02-25 16:37:12,571 [INFO] - For chunk 1/1, generation 12/30 and length of current population 151 .
2026-02-25 16:37:12,920 [INFO] - For chunk 1/1, generation 13/30 and length of current population 151 .
2026-02-25 16:37:13,200 [INFO] - For chunk 1/1, generation 14/30 and length of current population 151 .
2026-02-25 16:37:13,467 [INFO] - For chunk 1/1, generation 15/30 and length of current population 151 .
2026-02-25 16:37:13,759 [INFO] - For chunk 1/1, generation 16/30 and length of current population 151 .
2026-02-25 16:37:14,040 [INFO] - For chunk 1/1, generation 17/30 and length of current population 151 .
2026-02-25 16:37:14,308 [INFO] - For chunk 1/1, generation 18/30 and length of current population 151 .
2026-02-25 16:37:14,940 [INFO] - For chunk 1/1, generation 19/30 and length of current population 151 .
2026-02-25 16:37:15,239 [INFO] - For chunk 1/1, generation 20/30 and length of current population 151 .
2026-02-25 16:37:15,550 [INFO] - For chunk 1/1, generation 21/30 and length of current population 151 .
2026-02-25 16:37:15,813 [INFO] - For chunk 1/1, generation 22/30 and length of current population 151 .
2026-02-25 16:37:16,092 [INFO] - For chunk 1/1, generation 23/30 and length of current population 151 .
2026-02-25 16:37:16,364 [INFO] - For chunk 1/1, generation 24/30 and length of current population 151 .
2026-02-25 16:37:16,634 [INFO] - For chunk 1/1, generation 25/30 and length of current population 151 .
2026-02-25 16:37:16,899 [INFO] - For chunk 1/1, generation 26/30 and length of current population 151 .
2026-02-25 16:37:17,170 [INFO] - For chunk 1/1, generation 27/30 and length of current population 151 .
2026-02-25 16:37:17,433 [INFO] - For chunk 1/1, generation 28/30 and length of current population 151 .
2026-02-25 16:37:17,710 [INFO] - For chunk 1/1, generation 29/30 and length of current population 151 .
2026-02-25 16:37:18,038 [INFO] - For chunk 1/1, generation 30/30 and length of current population 151 .
2026-02-25 16:37:18,045 [INFO] - Dataset iteration 5 for depth 3 in low volatility regime.
2026-02-25 16:37:18,636 [INFO] - For chunk 1/1, generation 1/30 and length of current population 151 .
2026-02-25 16:37:18,759 [INFO] - Sanitized unary node val 29 -> 5
2026-02-25 16:37:19,130 [INFO] - For chunk 1/1, generation 2/30 and length of current population 151 .
2026-02-25 16:37:19,607 [INFO] - For chunk 1/1, generation 3/30 and length of current population 151 .
2026-02-25 16:37:20,130 [INFO] - For chunk 1/1, generation 4/30 and length of current population 151 .
2026-02-25 16:37:20,687 [INFO] - For chunk 1/1, generation 5/30 and length of current population 151 .
2026-02-25 16:37:21,200 [INFO] - For chunk 1/1, generation 6/30 and length of current population 151 .
2026-02-25 16:37:21,704 [INFO] - For chunk 1/1, generation 7/30 and length of current population 151 .
2026-02-25 16:37:22,230 [INFO] - For chunk 1/1, generation 8/30 and length of current population 151 .
2026-02-25 16:37:22,750 [INFO] - For chunk 1/1, generation 9/30 and length of current population 151 .
2026-02-25 16:37:23,310 [INFO] - For chunk 1/1, generation 10/30 and length of current population 151 .
2026-02-25 16:37:23,867 [INFO] - For chunk 1/1, generation 11/30 and length of current population 151 .
2026-02-25 16:37:24,816 [INFO] - For chunk 1/1, generation 12/30 and length of current population 151 .
2026-02-25 16:37:25,457 [INFO] - For chunk 1/1, generation 13/30 and length of current population 151 .
2026-02-25 16:37:26,045 [INFO] - For chunk 1/1, generation 14/30 and length of current population 151 .
2026-02-25 16:37:26,626 [INFO] - For chunk 1/1, generation 15/30 and length of current population 151 .
2026-02-25 16:37:27,190 [INFO] - For chunk 1/1, generation 16/30 and length of current population 151 .
2026-02-25 16:37:27,769 [INFO] - For chunk 1/1, generation 17/30 and length of current population 151 .
2026-02-25 16:37:28,425 [INFO] - For chunk 1/1, generation 18/30 and length of current population 151 .
2026-02-25 16:37:29,006 [INFO] - For chunk 1/1, generation 19/30 and length of current population 151 .
2026-02-25 16:37:29,592 [INFO] - For chunk 1/1, generation 20/30 and length of current population 151 .
2026-02-25 16:37:30,340 [INFO] - For chunk 1/1, generation 21/30 and length of current population 151 .
2026-02-25 16:37:31,073 [INFO] - For chunk 1/1, generation 22/30 and length of current population 151 .
2026-02-25 16:37:31,692 [INFO] - For chunk 1/1, generation 23/30 and length of current population 151 .
2026-02-25 16:37:32,329 [INFO] - For chunk 1/1, generation 24/30 and length of current population 151 .
2026-02-25 16:37:33,306 [INFO] - For chunk 1/1, generation 25/30 and length of current population 151 .
2026-02-25 16:37:33,936 [INFO] - For chunk 1/1, generation 26/30 and length of current population 151 .
2026-02-25 16:37:34,593 [INFO] - For chunk 1/1, generation 27/30 and length of current population 151 .
2026-02-25 16:37:35,234 [INFO] - For chunk 1/1, generation 28/30 and length of current population 151 .
2026-02-25 16:37:35,948 [INFO] - For chunk 1/1, generation 29/30 and length of current population 151 .
2026-02-25 16:37:36,620 [INFO] - For chunk 1/1, generation 30/30 and length of current population 151 .
2026-02-25 16:38:16,289 [INFO] - Checkpoint saved successfully to checkpoint.pkl
2026-02-25 16:38:16,289 [INFO] -  Starting Iteration 6 | Train: 900-1900 | Test: 1900-2400 
2026-02-25 16:38:16,510 [INFO] - Running advanced evolution...
2026-02-25 16:38:16,512 [INFO] - Dataset iteration 6 for depth 2 in high volatility regime.
2026-02-25 16:38:16,849 [INFO] - For chunk 1/1, generation 1/30 and length of current population 151 .
2026-02-25 16:38:17,050 [INFO] - For chunk 1/1, generation 2/30 and length of current population 151 .
2026-02-25 16:38:17,306 [INFO] - For chunk 1/1, generation 3/30 and length of current population 151 .
2026-02-25 16:38:17,539 [INFO] - For chunk 1/1, generation 4/30 and length of current population 151 .
2026-02-25 16:38:17,777 [INFO] - For chunk 1/1, generation 5/30 and length of current population 151 .
2026-02-25 16:38:18,023 [INFO] - For chunk 1/1, generation 6/30 and length of current population 151 .
2026-02-25 16:38:18,329 [INFO] - For chunk 1/1, generation 7/30 and length of current population 151 .
2026-02-25 16:38:18,589 [INFO] - For chunk 1/1, generation 8/30 and length of current population 151 .
2026-02-25 16:38:18,834 [INFO] - For chunk 1/1, generation 9/30 and length of current population 151 .
2026-02-25 16:38:19,069 [INFO] - For chunk 1/1, generation 10/30 and length of current population 151 .
2026-02-25 16:38:19,317 [INFO] - For chunk 1/1, generation 11/30 and length of current population 151 .
2026-02-25 16:38:19,569 [INFO] - For chunk 1/1, generation 12/30 and length of current population 151 .
2026-02-25 16:38:19,839 [INFO] - For chunk 1/1, generation 13/30 and length of current population 151 .
2026-02-25 16:38:20,109 [INFO] - For chunk 1/1, generation 14/30 and length of current population 151 .
2026-02-25 16:38:20,370 [INFO] - For chunk 1/1, generation 15/30 and length of current population 151 .
2026-02-25 16:38:20,641 [INFO] - For chunk 1/1, generation 16/30 and length of current population 151 .
2026-02-25 16:38:20,950 [INFO] - For chunk 1/1, generation 17/30 and length of current population 151 .
2026-02-25 16:38:21,219 [INFO] - For chunk 1/1, generation 18/30 and length of current population 151 .
2026-02-25 16:38:21,465 [INFO] - For chunk 1/1, generation 19/30 and length of current population 151 .
2026-02-25 16:38:21,749 [INFO] - For chunk 1/1, generation 20/30 and length of current population 151 .
2026-02-25 16:38:22,044 [INFO] - For chunk 1/1, generation 21/30 and length of current population 151 .
2026-02-25 16:38:22,378 [INFO] - For chunk 1/1, generation 22/30 and length of current population 151 .
2026-02-25 16:38:22,629 [INFO] - For chunk 1/1, generation 23/30 and length of current population 151 .
2026-02-25 16:38:22,885 [INFO] - For chunk 1/1, generation 24/30 and length of current population 151 .
2026-02-25 16:38:23,124 [INFO] - For chunk 1/1, generation 25/30 and length of current population 151 .
2026-02-25 16:38:23,380 [INFO] - For chunk 1/1, generation 26/30 and length of current population 151 .
2026-02-25 16:38:23,633 [INFO] - For chunk 1/1, generation 27/30 and length of current population 151 .
2026-02-25 16:38:23,875 [INFO] - For chunk 1/1, generation 28/30 and length of current population 151 .
2026-02-25 16:38:24,100 [INFO] - For chunk 1/1, generation 29/30 and length of current population 151 .
2026-02-25 16:38:25,333 [INFO] - For chunk 1/1, generation 30/30 and length of current population 151 .
2026-02-25 16:38:25,339 [INFO] - Dataset iteration 6 for depth 3 in high volatility regime.
2026-02-25 16:38:25,839 [INFO] - For chunk 1/1, generation 1/30 and length of current population 151 .
2026-02-25 16:38:26,204 [INFO] - For chunk 1/1, generation 2/30 and length of current population 151 .
2026-02-25 16:38:26,582 [INFO] - For chunk 1/1, generation 3/30 and length of current population 151 .
2026-02-25 16:38:26,973 [INFO] - For chunk 1/1, generation 4/30 and length of current population 151 .
2026-02-25 16:38:27,399 [INFO] - For chunk 1/1, generation 5/30 and length of current population 151 .
2026-02-25 16:38:27,800 [INFO] - For chunk 1/1, generation 6/30 and length of current population 151 .
2026-02-25 16:38:28,209 [INFO] - For chunk 1/1, generation 7/30 and length of current population 151 .
2026-02-25 16:38:28,674 [INFO] - For chunk 1/1, generation 8/30 and length of current population 151 .
2026-02-25 16:38:29,075 [INFO] - For chunk 1/1, generation 9/30 and length of current population 151 .
2026-02-25 16:38:29,484 [INFO] - For chunk 1/1, generation 10/30 and length of current population 151 .
2026-02-25 16:38:29,969 [INFO] - For chunk 1/1, generation 11/30 and length of current population 151 .
2026-02-25 16:38:30,410 [INFO] - For chunk 1/1, generation 12/30 and length of current population 151 .
2026-02-25 16:38:30,927 [INFO] - For chunk 1/1, generation 13/30 and length of current population 151 .
2026-02-25 16:38:31,403 [INFO] - For chunk 1/1, generation 14/30 and length of current population 151 .
2026-02-25 16:38:31,859 [INFO] - For chunk 1/1, generation 15/30 and length of current population 151 .
2026-02-25 16:38:32,323 [INFO] - For chunk 1/1, generation 16/30 and length of current population 151 .
2026-02-25 16:38:32,774 [INFO] - For chunk 1/1, generation 17/30 and length of current population 151 .
2026-02-25 16:38:33,643 [INFO] - For chunk 1/1, generation 18/30 and length of current population 151 .
2026-02-25 16:38:34,123 [INFO] - For chunk 1/1, generation 19/30 and length of current population 151 .
2026-02-25 16:38:34,637 [INFO] - For chunk 1/1, generation 20/30 and length of current population 151 .
2026-02-25 16:38:35,176 [INFO] - For chunk 1/1, generation 21/30 and length of current population 151 .
2026-02-25 16:38:35,721 [INFO] - For chunk 1/1, generation 22/30 and length of current population 151 .
2026-02-25 16:38:36,241 [INFO] - For chunk 1/1, generation 23/30 and length of current population 151 .
2026-02-25 16:38:36,773 [INFO] - For chunk 1/1, generation 24/30 and length of current population 151 .
2026-02-25 16:38:37,342 [INFO] - For chunk 1/1, generation 25/30 and length of current population 151 .
2026-02-25 16:38:37,851 [INFO] - For chunk 1/1, generation 26/30 and length of current population 151 .
2026-02-25 16:38:38,339 [INFO] - For chunk 1/1, generation 27/30 and length of current population 151 .
2026-02-25 16:38:38,829 [INFO] - For chunk 1/1, generation 28/30 and length of current population 151 .
2026-02-25 16:38:39,329 [INFO] - For chunk 1/1, generation 29/30 and length of current population 151 .
2026-02-25 16:38:39,849 [INFO] - For chunk 1/1, generation 30/30 and length of current population 151 .
2026-02-25 16:38:39,865 [INFO] - Dataset iteration 6 for depth 2 in low volatility regime.
2026-02-25 16:38:40,179 [INFO] - For chunk 1/1, generation 1/30 and length of current population 151 .
2026-02-25 16:38:40,412 [INFO] - For chunk 1/1, generation 2/30 and length of current population 151 .
2026-02-25 16:38:40,653 [INFO] - For chunk 1/1, generation 3/30 and length of current population 151 .
2026-02-25 16:38:40,921 [INFO] - For chunk 1/1, generation 4/30 and length of current population 151 .
2026-02-25 16:38:41,224 [INFO] - For chunk 1/1, generation 5/30 and length of current population 151 .
2026-02-25 16:38:41,489 [INFO] - For chunk 1/1, generation 6/30 and length of current population 151 .
2026-02-25 16:38:42,050 [INFO] - For chunk 1/1, generation 7/30 and length of current population 151 .
2026-02-25 16:38:42,270 [INFO] - For chunk 1/1, generation 8/30 and length of current population 151 .
2026-02-25 16:38:42,489 [INFO] - For chunk 1/1, generation 9/30 and length of current population 151 .
2026-02-25 16:38:42,700 [INFO] - For chunk 1/1, generation 10/30 and length of current population 151 .
2026-02-25 16:38:42,933 [INFO] - For chunk 1/1, generation 11/30 and length of current population 151 .
2026-02-25 16:38:43,159 [INFO] - For chunk 1/1, generation 12/30 and length of current population 151 .
2026-02-25 16:38:43,391 [INFO] - For chunk 1/1, generation 13/30 and length of current population 151 .
2026-02-25 16:38:43,650 [INFO] - For chunk 1/1, generation 14/30 and length of current population 151 .
2026-02-25 16:38:43,879 [INFO] - For chunk 1/1, generation 15/30 and length of current population 151 .
2026-02-25 16:38:44,094 [INFO] - For chunk 1/1, generation 16/30 and length of current population 151 .
2026-02-25 16:38:44,311 [INFO] - For chunk 1/1, generation 17/30 and length of current population 151 .
2026-02-25 16:38:44,561 [INFO] - For chunk 1/1, generation 18/30 and length of current population 151 .
2026-02-25 16:38:44,774 [INFO] - For chunk 1/1, generation 19/30 and length of current population 151 .
2026-02-25 16:38:44,980 [INFO] - For chunk 1/1, generation 20/30 and length of current population 151 .
2026-02-25 16:38:45,199 [INFO] - For chunk 1/1, generation 21/30 and length of current population 151 .
2026-02-25 16:38:45,419 [INFO] - For chunk 1/1, generation 22/30 and length of current population 151 .
2026-02-25 16:38:45,644 [INFO] - For chunk 1/1, generation 23/30 and length of current population 151 .
2026-02-25 16:38:45,859 [INFO] - For chunk 1/1, generation 24/30 and length of current population 151 .
2026-02-25 16:38:46,133 [INFO] - For chunk 1/1, generation 25/30 and length of current population 151 .
2026-02-25 16:38:46,363 [INFO] - For chunk 1/1, generation 26/30 and length of current population 151 .
2026-02-25 16:38:46,601 [INFO] - For chunk 1/1, generation 27/30 and length of current population 151 .
2026-02-25 16:38:46,809 [INFO] - For chunk 1/1, generation 28/30 and length of current population 151 .
2026-02-25 16:38:47,029 [INFO] - For chunk 1/1, generation 29/30 and length of current population 151 .
2026-02-25 16:38:47,252 [INFO] - For chunk 1/1, generation 30/30 and length of current population 151 .
2026-02-25 16:38:47,259 [INFO] - Dataset iteration 6 for depth 3 in low volatility regime.
2026-02-25 16:38:47,731 [INFO] - For chunk 1/1, generation 1/30 and length of current population 151 .
2026-02-25 16:38:48,109 [INFO] - For chunk 1/1, generation 2/30 and length of current population 151 .
2026-02-25 16:38:48,561 [INFO] - For chunk 1/1, generation 3/30 and length of current population 151 .
2026-02-25 16:38:48,973 [INFO] - For chunk 1/1, generation 4/30 and length of current population 151 .
2026-02-25 16:38:49,396 [INFO] - For chunk 1/1, generation 5/30 and length of current population 151 .
2026-02-25 16:38:49,809 [INFO] - For chunk 1/1, generation 6/30 and length of current population 151 .
2026-02-25 16:38:50,204 [INFO] - For chunk 1/1, generation 7/30 and length of current population 151 .
2026-02-25 16:38:50,589 [INFO] - For chunk 1/1, generation 8/30 and length of current population 151 .
2026-02-25 16:38:51,069 [INFO] - For chunk 1/1, generation 9/30 and length of current population 151 .
2026-02-25 16:38:51,939 [INFO] - For chunk 1/1, generation 10/30 and length of current population 151 .
2026-02-25 16:38:52,373 [INFO] - For chunk 1/1, generation 11/30 and length of current population 151 .
2026-02-25 16:38:52,804 [INFO] - For chunk 1/1, generation 12/30 and length of current population 151 .
2026-02-25 16:38:53,269 [INFO] - For chunk 1/1, generation 13/30 and length of current population 151 .
2026-02-25 16:38:53,779 [INFO] - For chunk 1/1, generation 14/30 and length of current population 151 .
2026-02-25 16:38:54,314 [INFO] - For chunk 1/1, generation 15/30 and length of current population 151 .
2026-02-25 16:38:54,863 [INFO] - For chunk 1/1, generation 16/30 and length of current population 151 .
2026-02-25 16:38:55,378 [INFO] - For chunk 1/1, generation 17/30 and length of current population 151 .
2026-02-25 16:38:55,864 [INFO] - For chunk 1/1, generation 18/30 and length of current population 151 .
2026-02-25 16:38:56,440 [INFO] - For chunk 1/1, generation 19/30 and length of current population 151 .
2026-02-25 16:38:57,023 [INFO] - For chunk 1/1, generation 20/30 and length of current population 151 .
2026-02-25 16:38:57,549 [INFO] - For chunk 1/1, generation 21/30 and length of current population 151 .
2026-02-25 16:38:57,959 [INFO] - For chunk 1/1, generation 22/30 and length of current population 151 .
2026-02-25 16:38:58,829 [INFO] - For chunk 1/1, generation 23/30 and length of current population 151 .
2026-02-25 16:38:59,324 [INFO] - For chunk 1/1, generation 24/30 and length of current population 151 .
2026-02-25 16:38:59,819 [INFO] - For chunk 1/1, generation 25/30 and length of current population 151 .
2026-02-25 16:39:00,341 [INFO] - For chunk 1/1, generation 26/30 and length of current population 151 .
2026-02-25 16:39:00,909 [INFO] - For chunk 1/1, generation 27/30 and length of current population 151 .
2026-02-25 16:39:01,559 [INFO] - For chunk 1/1, generation 28/30 and length of current population 151 .
2026-02-25 16:39:02,149 [INFO] - For chunk 1/1, generation 29/30 and length of current population 151 .
2026-02-25 16:39:02,726 [INFO] - For chunk 1/1, generation 30/30 and length of current population 151 .
2026-02-25 16:39:40,377 [INFO] - Checkpoint saved successfully to checkpoint.pkl
2026-02-25 16:39:40,379 [INFO] -  Starting Iteration 7 | Train: 1050-2050 | Test: 2050-2550 
2026-02-25 16:39:40,589 [INFO] - Running advanced evolution...
2026-02-25 16:39:40,599 [INFO] - Dataset iteration 7 for depth 2 in high volatility regime.
2026-02-25 16:39:40,939 [INFO] - For chunk 1/1, generation 1/30 and length of current population 151 .
2026-02-25 16:39:41,189 [INFO] - For chunk 1/1, generation 2/30 and length of current population 151 .
2026-02-25 16:39:41,501 [INFO] - For chunk 1/1, generation 3/30 and length of current population 151 .
2026-02-25 16:39:41,787 [INFO] - For chunk 1/1, generation 4/30 and length of current population 151 .
2026-02-25 16:39:42,039 [INFO] - For chunk 1/1, generation 5/30 and length of current population 151 .
2026-02-25 16:39:42,269 [INFO] - For chunk 1/1, generation 6/30 and length of current population 151 .
2026-02-25 16:39:42,529 [INFO] - For chunk 1/1, generation 7/30 and length of current population 151 .
2026-02-25 16:39:42,774 [INFO] - For chunk 1/1, generation 8/30 and length of current population 151 .
2026-02-25 16:39:42,999 [INFO] - For chunk 1/1, generation 9/30 and length of current population 151 .
2026-02-25 16:39:43,241 [INFO] - For chunk 1/1, generation 10/30 and length of current population 151 .
2026-02-25 16:39:44,543 [INFO] - For chunk 1/1, generation 11/30 and length of current population 151 .
2026-02-25 16:39:44,785 [INFO] - For chunk 1/1, generation 12/30 and length of current population 151 .
2026-02-25 16:39:45,014 [INFO] - For chunk 1/1, generation 13/30 and length of current population 151 .
2026-02-25 16:39:45,251 [INFO] - For chunk 1/1, generation 14/30 and length of current population 151 .
2026-02-25 16:39:45,479 [INFO] - For chunk 1/1, generation 15/30 and length of current population 151 .
2026-02-25 16:39:45,719 [INFO] - For chunk 1/1, generation 16/30 and length of current population 151 .
2026-02-25 16:39:45,950 [INFO] - For chunk 1/1, generation 17/30 and length of current population 151 .
2026-02-25 16:39:46,183 [INFO] - For chunk 1/1, generation 18/30 and length of current population 151 .
2026-02-25 16:39:46,424 [INFO] - For chunk 1/1, generation 19/30 and length of current population 151 .
2026-02-25 16:39:46,719 [INFO] - For chunk 1/1, generation 20/30 and length of current population 151 .
2026-02-25 16:39:46,995 [INFO] - For chunk 1/1, generation 21/30 and length of current population 151 .
2026-02-25 16:39:47,239 [INFO] - For chunk 1/1, generation 22/30 and length of current population 151 .
2026-02-25 16:39:47,457 [INFO] - For chunk 1/1, generation 23/30 and length of current population 151 .
2026-02-25 16:39:47,689 [INFO] - For chunk 1/1, generation 24/30 and length of current population 151 .
2026-02-25 16:39:47,949 [INFO] - For chunk 1/1, generation 25/30 and length of current population 151 .
2026-02-25 16:39:48,194 [INFO] - For chunk 1/1, generation 26/30 and length of current population 151 .
2026-02-25 16:39:48,443 [INFO] - For chunk 1/1, generation 27/30 and length of current population 151 .
2026-02-25 16:39:48,695 [INFO] - For chunk 1/1, generation 28/30 and length of current population 151 .
2026-02-25 16:39:48,975 [INFO] - For chunk 1/1, generation 29/30 and length of current population 151 .
2026-02-25 16:39:49,268 [INFO] - For chunk 1/1, generation 30/30 and length of current population 151 .
2026-02-25 16:39:49,274 [INFO] - Dataset iteration 7 for depth 3 in high volatility regime.
2026-02-25 16:39:49,831 [INFO] - For chunk 1/1, generation 1/30 and length of current population 151 .
2026-02-25 16:39:50,276 [INFO] - For chunk 1/1, generation 2/30 and length of current population 151 .
2026-02-25 16:39:50,709 [INFO] - For chunk 1/1, generation 3/30 and length of current population 151 .
2026-02-25 16:39:51,161 [INFO] - For chunk 1/1, generation 4/30 and length of current population 151 .
2026-02-25 16:39:51,723 [INFO] - For chunk 1/1, generation 5/30 and length of current population 151 .
2026-02-25 16:39:52,206 [INFO] - For chunk 1/1, generation 6/30 and length of current population 151 .
2026-02-25 16:39:52,722 [INFO] - For chunk 1/1, generation 7/30 and length of current population 151 .
2026-02-25 16:39:53,247 [INFO] - For chunk 1/1, generation 8/30 and length of current population 151 .
2026-02-25 16:39:54,176 [INFO] - For chunk 1/1, generation 9/30 and length of current population 151 .
2026-02-25 16:39:54,713 [INFO] - For chunk 1/1, generation 10/30 and length of current population 151 .
2026-02-25 16:39:55,280 [INFO] - For chunk 1/1, generation 11/30 and length of current population 151 .
2026-02-25 16:39:55,874 [INFO] - For chunk 1/1, generation 12/30 and length of current population 151 .
2026-02-25 16:39:56,429 [INFO] - For chunk 1/1, generation 13/30 and length of current population 151 .
2026-02-25 16:39:57,051 [INFO] - For chunk 1/1, generation 14/30 and length of current population 151 .
2026-02-25 16:39:57,562 [INFO] - For chunk 1/1, generation 15/30 and length of current population 151 .
2026-02-25 16:39:58,069 [INFO] - For chunk 1/1, generation 16/30 and length of current population 151 .
2026-02-25 16:39:58,623 [INFO] - For chunk 1/1, generation 17/30 and length of current population 151 .
2026-02-25 16:39:59,218 [INFO] - For chunk 1/1, generation 18/30 and length of current population 151 .
2026-02-25 16:39:59,759 [INFO] - For chunk 1/1, generation 19/30 and length of current population 151 .
2026-02-25 16:40:00,409 [INFO] - For chunk 1/1, generation 20/30 and length of current population 151 .
2026-02-25 16:40:00,949 [INFO] - For chunk 1/1, generation 21/30 and length of current population 151 .
2026-02-25 16:40:01,913 [INFO] - For chunk 1/1, generation 22/30 and length of current population 151 .
2026-02-25 16:40:02,499 [INFO] - For chunk 1/1, generation 23/30 and length of current population 151 .
2026-02-25 16:40:03,052 [INFO] - For chunk 1/1, generation 24/30 and length of current population 151 .
2026-02-25 16:40:03,601 [INFO] - For chunk 1/1, generation 25/30 and length of current population 151 .
2026-02-25 16:40:04,244 [INFO] - For chunk 1/1, generation 26/30 and length of current population 151 .
2026-02-25 16:40:04,819 [INFO] - For chunk 1/1, generation 27/30 and length of current population 151 .
2026-02-25 16:40:05,359 [INFO] - For chunk 1/1, generation 28/30 and length of current population 151 .
2026-02-25 16:40:05,929 [INFO] - For chunk 1/1, generation 29/30 and length of current population 151 .
2026-02-25 16:40:06,583 [INFO] - For chunk 1/1, generation 30/30 and length of current population 151 .
2026-02-25 16:40:06,597 [INFO] - Dataset iteration 7 for depth 2 in low volatility regime.
2026-02-25 16:40:07,059 [INFO] - For chunk 1/1, generation 1/30 and length of current population 151 .
2026-02-25 16:40:07,347 [INFO] - For chunk 1/1, generation 2/30 and length of current population 151 .
2026-02-25 16:40:07,656 [INFO] - For chunk 1/1, generation 3/30 and length of current population 151 .
2026-02-25 16:40:07,970 [INFO] - For chunk 1/1, generation 4/30 and length of current population 151 .
2026-02-25 16:40:08,274 [INFO] - For chunk 1/1, generation 5/30 and length of current population 151 .
2026-02-25 16:40:08,579 [INFO] - For chunk 1/1, generation 6/30 and length of current population 151 .
2026-02-25 16:40:08,869 [INFO] - For chunk 1/1, generation 7/30 and length of current population 151 .
2026-02-25 16:40:09,243 [INFO] - For chunk 1/1, generation 8/30 and length of current population 151 .
2026-02-25 16:40:09,549 [INFO] - For chunk 1/1, generation 9/30 and length of current population 151 .
2026-02-25 16:40:09,841 [INFO] - For chunk 1/1, generation 10/30 and length of current population 151 .
2026-02-25 16:40:10,141 [INFO] - For chunk 1/1, generation 11/30 and length of current population 151 .
2026-02-25 16:40:10,802 [INFO] - For chunk 1/1, generation 12/30 and length of current population 151 .
2026-02-25 16:40:11,147 [INFO] - For chunk 1/1, generation 13/30 and length of current population 151 .
2026-02-25 16:40:11,439 [INFO] - For chunk 1/1, generation 14/30 and length of current population 151 .
2026-02-25 16:40:11,835 [INFO] - For chunk 1/1, generation 15/30 and length of current population 151 .
2026-02-25 16:40:12,123 [INFO] - For chunk 1/1, generation 16/30 and length of current population 151 .
2026-02-25 16:40:12,423 [INFO] - For chunk 1/1, generation 17/30 and length of current population 151 .
2026-02-25 16:40:12,719 [INFO] - For chunk 1/1, generation 18/30 and length of current population 151 .
2026-02-25 16:40:13,019 [INFO] - For chunk 1/1, generation 19/30 and length of current population 151 .
2026-02-25 16:40:13,329 [INFO] - For chunk 1/1, generation 20/30 and length of current population 151 .
2026-02-25 16:40:13,619 [INFO] - For chunk 1/1, generation 21/30 and length of current population 151 .
2026-02-25 16:40:13,932 [INFO] - For chunk 1/1, generation 22/30 and length of current population 151 .
2026-02-25 16:40:14,315 [INFO] - For chunk 1/1, generation 23/30 and length of current population 151 .
2026-02-25 16:40:14,640 [INFO] - For chunk 1/1, generation 24/30 and length of current population 151 .
2026-02-25 16:40:14,949 [INFO] - For chunk 1/1, generation 25/30 and length of current population 151 .
2026-02-25 16:40:15,258 [INFO] - For chunk 1/1, generation 26/30 and length of current population 151 .
2026-02-25 16:40:15,529 [INFO] - For chunk 1/1, generation 27/30 and length of current population 151 .
2026-02-25 16:40:15,843 [INFO] - For chunk 1/1, generation 28/30 and length of current population 151 .
2026-02-25 16:40:16,159 [INFO] - For chunk 1/1, generation 29/30 and length of current population 151 .
2026-02-25 16:40:16,547 [INFO] - For chunk 1/1, generation 30/30 and length of current population 151 .
2026-02-25 16:40:16,556 [INFO] - Dataset iteration 7 for depth 3 in low volatility regime.
2026-02-25 16:40:17,650 [INFO] - For chunk 1/1, generation 1/30 and length of current population 151 .
2026-02-25 16:40:18,652 [INFO] - For chunk 1/1, generation 2/30 and length of current population 151 .
2026-02-25 16:40:19,694 [INFO] - For chunk 1/1, generation 3/30 and length of current population 151 .
2026-02-25 16:40:20,711 [INFO] - For chunk 1/1, generation 4/30 and length of current population 151 .
2026-02-25 16:40:21,714 [INFO] - For chunk 1/1, generation 5/30 and length of current population 151 .
2026-02-25 16:40:23,151 [INFO] - For chunk 1/1, generation 6/30 and length of current population 151 .
2026-02-25 16:40:24,151 [INFO] - For chunk 1/1, generation 7/30 and length of current population 151 .
2026-02-25 16:40:25,346 [INFO] - For chunk 1/1, generation 8/30 and length of current population 151 .
2026-02-25 16:40:26,515 [INFO] - For chunk 1/1, generation 9/30 and length of current population 151 .
2026-02-25 16:40:27,713 [INFO] - For chunk 1/1, generation 10/30 and length of current population 151 .
2026-02-25 16:40:28,819 [INFO] - For chunk 1/1, generation 11/30 and length of current population 151 .
2026-02-25 16:40:29,749 [INFO] - For chunk 1/1, generation 12/30 and length of current population 151 .
2026-02-25 16:40:30,671 [INFO] - For chunk 1/1, generation 13/30 and length of current population 151 .
2026-02-25 16:40:31,959 [INFO] - For chunk 1/1, generation 14/30 and length of current population 151 .
2026-02-25 16:40:32,999 [INFO] - For chunk 1/1, generation 15/30 and length of current population 151 .
2026-02-25 16:40:33,969 [INFO] - For chunk 1/1, generation 16/30 and length of current population 151 .
2026-02-25 16:40:34,825 [INFO] - For chunk 1/1, generation 17/30 and length of current population 151 .
2026-02-25 16:40:35,762 [INFO] - For chunk 1/1, generation 18/30 and length of current population 151 .
2026-02-25 16:40:36,613 [INFO] - For chunk 1/1, generation 19/30 and length of current population 151 .
2026-02-25 16:40:37,431 [INFO] - For chunk 1/1, generation 20/30 and length of current population 151 .
2026-02-25 16:40:38,313 [INFO] - For chunk 1/1, generation 21/30 and length of current population 151 .
2026-02-25 16:40:39,133 [INFO] - For chunk 1/1, generation 22/30 and length of current population 151 .
2026-02-25 16:40:39,949 [INFO] - For chunk 1/1, generation 23/30 and length of current population 151 .
2026-02-25 16:40:41,209 [INFO] - For chunk 1/1, generation 24/30 and length of current population 151 .
2026-02-25 16:40:42,073 [INFO] - For chunk 1/1, generation 25/30 and length of current population 151 .
2026-02-25 16:40:42,949 [INFO] - For chunk 1/1, generation 26/30 and length of current population 151 .
2026-02-25 16:40:43,764 [INFO] - For chunk 1/1, generation 27/30 and length of current population 151 .
2026-02-25 16:40:44,599 [INFO] - For chunk 1/1, generation 28/30 and length of current population 151 .
2026-02-25 16:40:45,413 [INFO] - For chunk 1/1, generation 29/30 and length of current population 151 .
2026-02-25 16:40:46,282 [INFO] - For chunk 1/1, generation 30/30 and length of current population 151 .
2026-02-25 16:41:24,840 [INFO] - Checkpoint saved successfully to checkpoint.pkl
2026-02-25 16:41:24,840 [INFO] -  Starting Iteration 8 | Train: 1200-2200 | Test: 2200-2700 
2026-02-25 16:41:25,070 [INFO] - Running advanced evolution...
2026-02-25 16:41:25,072 [INFO] - Dataset iteration 8 for depth 2 in high volatility regime.
2026-02-25 16:41:25,416 [INFO] - For chunk 1/1, generation 1/30 and length of current population 151 .
2026-02-25 16:41:25,645 [INFO] - For chunk 1/1, generation 2/30 and length of current population 151 .
2026-02-25 16:41:25,899 [INFO] - For chunk 1/1, generation 3/30 and length of current population 151 .
2026-02-25 16:41:26,136 [INFO] - For chunk 1/1, generation 4/30 and length of current population 151 .
2026-02-25 16:41:26,352 [INFO] - For chunk 1/1, generation 5/30 and length of current population 151 .
2026-02-25 16:41:26,569 [INFO] - For chunk 1/1, generation 6/30 and length of current population 151 .
2026-02-25 16:41:26,796 [INFO] - For chunk 1/1, generation 7/30 and length of current population 151 .
2026-02-25 16:41:27,022 [INFO] - For chunk 1/1, generation 8/30 and length of current population 151 .
2026-02-25 16:41:27,232 [INFO] - For chunk 1/1, generation 9/30 and length of current population 151 .
2026-02-25 16:41:27,443 [INFO] - For chunk 1/1, generation 10/30 and length of current population 151 .
2026-02-25 16:41:27,659 [INFO] - For chunk 1/1, generation 11/30 and length of current population 151 .
2026-02-25 16:41:27,880 [INFO] - For chunk 1/1, generation 12/30 and length of current population 151 .
2026-02-25 16:41:28,102 [INFO] - For chunk 1/1, generation 13/30 and length of current population 151 .
2026-02-25 16:41:28,381 [INFO] - For chunk 1/1, generation 14/30 and length of current population 151 .
2026-02-25 16:41:28,601 [INFO] - For chunk 1/1, generation 15/30 and length of current population 151 .
2026-02-25 16:41:28,849 [INFO] - For chunk 1/1, generation 16/30 and length of current population 151 .
2026-02-25 16:41:30,095 [INFO] - For chunk 1/1, generation 17/30 and length of current population 151 .
2026-02-25 16:41:30,301 [INFO] - For chunk 1/1, generation 18/30 and length of current population 151 .
2026-02-25 16:41:30,513 [INFO] - For chunk 1/1, generation 19/30 and length of current population 151 .
2026-02-25 16:41:30,727 [INFO] - For chunk 1/1, generation 20/30 and length of current population 151 .
2026-02-25 16:41:31,038 [INFO] - For chunk 1/1, generation 21/30 and length of current population 151 .
2026-02-25 16:41:31,257 [INFO] - For chunk 1/1, generation 22/30 and length of current population 151 .
2026-02-25 16:41:31,467 [INFO] - For chunk 1/1, generation 23/30 and length of current population 151 .
2026-02-25 16:41:31,684 [INFO] - For chunk 1/1, generation 24/30 and length of current population 151 .
2026-02-25 16:41:31,883 [INFO] - For chunk 1/1, generation 25/30 and length of current population 151 .
2026-02-25 16:41:32,098 [INFO] - For chunk 1/1, generation 26/30 and length of current population 151 .
2026-02-25 16:41:32,297 [INFO] - For chunk 1/1, generation 27/30 and length of current population 151 .
2026-02-25 16:41:32,492 [INFO] - For chunk 1/1, generation 28/30 and length of current population 151 .
2026-02-25 16:41:32,709 [INFO] - For chunk 1/1, generation 29/30 and length of current population 151 .
2026-02-25 16:41:32,909 [INFO] - For chunk 1/1, generation 30/30 and length of current population 151 .
2026-02-25 16:41:32,917 [INFO] - Dataset iteration 8 for depth 3 in high volatility regime.
2026-02-25 16:41:33,507 [INFO] - For chunk 1/1, generation 1/30 and length of current population 151 .
2026-02-25 16:41:33,929 [INFO] - For chunk 1/1, generation 2/30 and length of current population 151 .
2026-02-25 16:41:34,390 [INFO] - For chunk 1/1, generation 3/30 and length of current population 151 .
2026-02-25 16:41:34,850 [INFO] - For chunk 1/1, generation 4/30 and length of current population 151 .
2026-02-25 16:41:35,347 [INFO] - For chunk 1/1, generation 5/30 and length of current population 151 .
2026-02-25 16:41:35,907 [INFO] - For chunk 1/1, generation 6/30 and length of current population 151 .
2026-02-25 16:41:36,523 [INFO] - For chunk 1/1, generation 7/30 and length of current population 151 .
2026-02-25 16:41:37,104 [INFO] - For chunk 1/1, generation 8/30 and length of current population 151 .
2026-02-25 16:41:37,998 [INFO] - For chunk 1/1, generation 9/30 and length of current population 151 .
2026-02-25 16:41:38,631 [INFO] - For chunk 1/1, generation 10/30 and length of current population 151 .
2026-02-25 16:41:39,239 [INFO] - For chunk 1/1, generation 11/30 and length of current population 151 .
2026-02-25 16:41:39,893 [INFO] - For chunk 1/1, generation 12/30 and length of current population 151 .
2026-02-25 16:41:40,508 [INFO] - For chunk 1/1, generation 13/30 and length of current population 151 .
2026-02-25 16:41:41,167 [INFO] - For chunk 1/1, generation 14/30 and length of current population 151 .
2026-02-25 16:41:41,770 [INFO] - For chunk 1/1, generation 15/30 and length of current population 151 .
2026-02-25 16:41:42,421 [INFO] - For chunk 1/1, generation 16/30 and length of current population 151 .
2026-02-25 16:41:43,434 [INFO] - For chunk 1/1, generation 17/30 and length of current population 151 .
2026-02-25 16:41:44,042 [INFO] - For chunk 1/1, generation 18/30 and length of current population 151 .
2026-02-25 16:41:44,700 [INFO] - For chunk 1/1, generation 19/30 and length of current population 151 .
2026-02-25 16:41:45,326 [INFO] - For chunk 1/1, generation 20/30 and length of current population 151 .
2026-02-25 16:41:45,980 [INFO] - For chunk 1/1, generation 21/30 and length of current population 151 .
2026-02-25 16:41:46,580 [INFO] - For chunk 1/1, generation 22/30 and length of current population 151 .
2026-02-25 16:41:47,186 [INFO] - For chunk 1/1, generation 23/30 and length of current population 151 .
2026-02-25 16:41:47,822 [INFO] - For chunk 1/1, generation 24/30 and length of current population 151 .
2026-02-25 16:41:48,907 [INFO] - For chunk 1/1, generation 25/30 and length of current population 151 .
2026-02-25 16:41:49,563 [INFO] - For chunk 1/1, generation 26/30 and length of current population 151 .
2026-02-25 16:41:50,245 [INFO] - For chunk 1/1, generation 27/30 and length of current population 151 .
2026-02-25 16:41:50,951 [INFO] - For chunk 1/1, generation 28/30 and length of current population 151 .
2026-02-25 16:41:51,580 [INFO] - For chunk 1/1, generation 29/30 and length of current population 151 .
2026-02-25 16:41:52,254 [INFO] - For chunk 1/1, generation 30/30 and length of current population 151 .
2026-02-25 16:41:52,262 [INFO] - Dataset iteration 8 for depth 2 in low volatility regime.
2026-02-25 16:41:52,546 [INFO] - For chunk 1/1, generation 1/30 and length of current population 151 .
2026-02-25 16:41:52,760 [INFO] - For chunk 1/1, generation 2/30 and length of current population 151 .
2026-02-25 16:41:52,985 [INFO] - For chunk 1/1, generation 3/30 and length of current population 151 .
2026-02-25 16:41:53,193 [INFO] - For chunk 1/1, generation 4/30 and length of current population 151 .
2026-02-25 16:41:53,491 [INFO] - For chunk 1/1, generation 5/30 and length of current population 151 .
2026-02-25 16:41:53,730 [INFO] - For chunk 1/1, generation 6/30 and length of current population 151 .
2026-02-25 16:41:53,947 [INFO] - For chunk 1/1, generation 7/30 and length of current population 151 .
2026-02-25 16:41:54,147 [INFO] - For chunk 1/1, generation 8/30 and length of current population 151 .
2026-02-25 16:41:54,362 [INFO] - For chunk 1/1, generation 9/30 and length of current population 151 .
2026-02-25 16:41:54,567 [INFO] - For chunk 1/1, generation 10/30 and length of current population 151 .
2026-02-25 16:41:54,797 [INFO] - For chunk 1/1, generation 11/30 and length of current population 151 .
2026-02-25 16:41:55,027 [INFO] - For chunk 1/1, generation 12/30 and length of current population 151 .
2026-02-25 16:41:55,244 [INFO] - For chunk 1/1, generation 13/30 and length of current population 151 .
2026-02-25 16:41:55,458 [INFO] - For chunk 1/1, generation 14/30 and length of current population 151 .
2026-02-25 16:41:55,693 [INFO] - For chunk 1/1, generation 15/30 and length of current population 151 .
2026-02-25 16:41:55,947 [INFO] - For chunk 1/1, generation 16/30 and length of current population 151 .
2026-02-25 16:41:56,559 [INFO] - For chunk 1/1, generation 17/30 and length of current population 151 .
2026-02-25 16:41:56,775 [INFO] - For chunk 1/1, generation 18/30 and length of current population 151 .
2026-02-25 16:41:57,134 [INFO] - For chunk 1/1, generation 19/30 and length of current population 151 .
2026-02-25 16:41:57,350 [INFO] - For chunk 1/1, generation 20/30 and length of current population 151 .
2026-02-25 16:41:57,572 [INFO] - For chunk 1/1, generation 21/30 and length of current population 151 .
2026-02-25 16:41:57,779 [INFO] - For chunk 1/1, generation 22/30 and length of current population 151 .
2026-02-25 16:41:57,978 [INFO] - For chunk 1/1, generation 23/30 and length of current population 151 .
2026-02-25 16:41:58,193 [INFO] - For chunk 1/1, generation 24/30 and length of current population 151 .
2026-02-25 16:41:58,443 [INFO] - For chunk 1/1, generation 25/30 and length of current population 151 .
2026-02-25 16:41:58,715 [INFO] - For chunk 1/1, generation 26/30 and length of current population 151 .
2026-02-25 16:41:58,930 [INFO] - For chunk 1/1, generation 27/30 and length of current population 151 .
2026-02-25 16:41:59,156 [INFO] - For chunk 1/1, generation 28/30 and length of current population 151 .
2026-02-25 16:41:59,348 [INFO] - For chunk 1/1, generation 29/30 and length of current population 151 .
2026-02-25 16:41:59,539 [INFO] - For chunk 1/1, generation 30/30 and length of current population 151 .
2026-02-25 16:41:59,548 [INFO] - Dataset iteration 8 for depth 3 in low volatility regime.
2026-02-25 16:41:59,905 [INFO] - Sanitized unary node val 24 -> 5
2026-02-25 16:42:00,154 [INFO] - For chunk 1/1, generation 1/30 and length of current population 151 .
2026-02-25 16:42:00,703 [INFO] - For chunk 1/1, generation 2/30 and length of current population 151 .
2026-02-25 16:42:01,328 [INFO] - For chunk 1/1, generation 3/30 and length of current population 151 .
2026-02-25 16:42:01,893 [INFO] - For chunk 1/1, generation 4/30 and length of current population 151 .
2026-02-25 16:42:02,476 [INFO] - For chunk 1/1, generation 5/30 and length of current population 151 .
2026-02-25 16:42:03,046 [INFO] - For chunk 1/1, generation 6/30 and length of current population 151 .
2026-02-25 16:42:03,752 [INFO] - For chunk 1/1, generation 7/30 and length of current population 151 .
2026-02-25 16:42:04,902 [INFO] - For chunk 1/1, generation 8/30 and length of current population 151 .
2026-02-25 16:42:05,675 [INFO] - For chunk 1/1, generation 9/30 and length of current population 151 .
2026-02-25 16:42:06,465 [INFO] - For chunk 1/1, generation 10/30 and length of current population 151 .
2026-02-25 16:42:07,215 [INFO] - For chunk 1/1, generation 11/30 and length of current population 151 .
2026-02-25 16:42:08,003 [INFO] - For chunk 1/1, generation 12/30 and length of current population 151 .
2026-02-25 16:42:08,782 [INFO] - For chunk 1/1, generation 13/30 and length of current population 151 .
2026-02-25 16:42:09,601 [INFO] - For chunk 1/1, generation 14/30 and length of current population 151 .
2026-02-25 16:42:10,401 [INFO] - For chunk 1/1, generation 15/30 and length of current population 151 .
2026-02-25 16:42:11,642 [INFO] - For chunk 1/1, generation 16/30 and length of current population 151 .
2026-02-25 16:42:12,514 [INFO] - For chunk 1/1, generation 17/30 and length of current population 151 .
2026-02-25 16:42:13,319 [INFO] - For chunk 1/1, generation 18/30 and length of current population 151 .
2026-02-25 16:42:14,133 [INFO] - For chunk 1/1, generation 19/30 and length of current population 151 .
2026-02-25 16:42:14,943 [INFO] - For chunk 1/1, generation 20/30 and length of current population 151 .
2026-02-25 16:42:15,751 [INFO] - For chunk 1/1, generation 21/30 and length of current population 151 .
2026-02-25 16:42:16,654 [INFO] - For chunk 1/1, generation 22/30 and length of current population 151 .
2026-02-25 16:42:17,447 [INFO] - For chunk 1/1, generation 23/30 and length of current population 151 .
2026-02-25 16:42:18,660 [INFO] - For chunk 1/1, generation 24/30 and length of current population 151 .
2026-02-25 16:42:19,536 [INFO] - For chunk 1/1, generation 25/30 and length of current population 151 .
2026-02-25 16:42:20,399 [INFO] - For chunk 1/1, generation 26/30 and length of current population 151 .
2026-02-25 16:42:21,286 [INFO] - For chunk 1/1, generation 27/30 and length of current population 151 .
2026-02-25 16:42:22,178 [INFO] - For chunk 1/1, generation 28/30 and length of current population 151 .
2026-02-25 16:42:23,022 [INFO] - For chunk 1/1, generation 29/30 and length of current population 151 .
2026-02-25 16:42:23,849 [INFO] - For chunk 1/1, generation 30/30 and length of current population 151 .
2026-02-25 16:43:04,913 [INFO] - Checkpoint saved successfully to checkpoint.pkl
2026-02-25 16:43:04,913 [INFO] -  Starting Iteration 9 | Train: 1350-2350 | Test: 2350-2850 
2026-02-25 16:43:05,129 [INFO] - Running advanced evolution...
2026-02-25 16:43:05,129 [INFO] - Dataset iteration 9 for depth 2 in high volatility regime.
2026-02-25 16:43:06,448 [INFO] - For chunk 1/1, generation 1/30 and length of current population 151 .
2026-02-25 16:43:06,671 [INFO] - For chunk 1/1, generation 2/30 and length of current population 151 .
2026-02-25 16:43:06,886 [INFO] - For chunk 1/1, generation 3/30 and length of current population 151 .
2026-02-25 16:43:07,102 [INFO] - For chunk 1/1, generation 4/30 and length of current population 151 .
2026-02-25 16:43:07,327 [INFO] - For chunk 1/1, generation 5/30 and length of current population 151 .
2026-02-25 16:43:07,550 [INFO] - For chunk 1/1, generation 6/30 and length of current population 151 .
2026-02-25 16:43:07,763 [INFO] - For chunk 1/1, generation 7/30 and length of current population 151 .
2026-02-25 16:43:08,026 [INFO] - For chunk 1/1, generation 8/30 and length of current population 151 .
2026-02-25 16:43:08,262 [INFO] - For chunk 1/1, generation 9/30 and length of current population 151 .
2026-02-25 16:43:08,538 [INFO] - For chunk 1/1, generation 10/30 and length of current population 151 .
2026-02-25 16:43:08,781 [INFO] - For chunk 1/1, generation 11/30 and length of current population 151 .
2026-02-25 16:43:09,030 [INFO] - For chunk 1/1, generation 12/30 and length of current population 151 .
2026-02-25 16:43:09,248 [INFO] - For chunk 1/1, generation 13/30 and length of current population 151 .
2026-02-25 16:43:09,457 [INFO] - For chunk 1/1, generation 14/30 and length of current population 151 .
2026-02-25 16:43:09,687 [INFO] - For chunk 1/1, generation 15/30 and length of current population 151 .
2026-02-25 16:43:09,920 [INFO] - For chunk 1/1, generation 16/30 and length of current population 151 .
2026-02-25 16:43:10,214 [INFO] - For chunk 1/1, generation 17/30 and length of current population 151 .
2026-02-25 16:43:10,461 [INFO] - For chunk 1/1, generation 18/30 and length of current population 151 .
2026-02-25 16:43:10,665 [INFO] - For chunk 1/1, generation 19/30 and length of current population 151 .
2026-02-25 16:43:10,915 [INFO] - For chunk 1/1, generation 20/30 and length of current population 151 .
2026-02-25 16:43:11,153 [INFO] - For chunk 1/1, generation 21/30 and length of current population 151 .
2026-02-25 16:43:11,371 [INFO] - For chunk 1/1, generation 22/30 and length of current population 151 .
2026-02-25 16:43:11,597 [INFO] - For chunk 1/1, generation 23/30 and length of current population 151 .
2026-02-25 16:43:11,828 [INFO] - For chunk 1/1, generation 24/30 and length of current population 151 .
2026-02-25 16:43:12,028 [INFO] - For chunk 1/1, generation 25/30 and length of current population 151 .
2026-02-25 16:43:12,261 [INFO] - For chunk 1/1, generation 26/30 and length of current population 151 .
2026-02-25 16:43:12,482 [INFO] - For chunk 1/1, generation 27/30 and length of current population 151 .
2026-02-25 16:43:12,691 [INFO] - For chunk 1/1, generation 28/30 and length of current population 151 .
2026-02-25 16:43:12,927 [INFO] - For chunk 1/1, generation 29/30 and length of current population 151 .
2026-02-25 16:43:13,154 [INFO] - For chunk 1/1, generation 30/30 and length of current population 151 .
2026-02-25 16:43:13,160 [INFO] - Dataset iteration 9 for depth 3 in high volatility regime.
2026-02-25 16:43:13,607 [INFO] - Sanitized unary node val 21 -> 5
2026-02-25 16:43:13,849 [INFO] - For chunk 1/1, generation 1/30 and length of current population 151 .
2026-02-25 16:43:14,327 [INFO] - For chunk 1/1, generation 2/30 and length of current population 151 .
2026-02-25 16:43:14,831 [INFO] - For chunk 1/1, generation 3/30 and length of current population 151 .
2026-02-25 16:43:15,327 [INFO] - For chunk 1/1, generation 4/30 and length of current population 151 .
2026-02-25 16:43:15,799 [INFO] - For chunk 1/1, generation 5/30 and length of current population 151 .
2026-02-25 16:43:16,783 [INFO] - For chunk 1/1, generation 6/30 and length of current population 151 .
2026-02-25 16:43:17,285 [INFO] - For chunk 1/1, generation 7/30 and length of current population 151 .
2026-02-25 16:43:17,777 [INFO] - For chunk 1/1, generation 8/30 and length of current population 151 .
2026-02-25 16:43:18,292 [INFO] - For chunk 1/1, generation 9/30 and length of current population 151 .
2026-02-25 16:43:18,911 [INFO] - For chunk 1/1, generation 10/30 and length of current population 151 .
2026-02-25 16:43:19,444 [INFO] - For chunk 1/1, generation 11/30 and length of current population 151 .
2026-02-25 16:43:19,891 [INFO] - For chunk 1/1, generation 12/30 and length of current population 151 .
2026-02-25 16:43:20,302 [INFO] - For chunk 1/1, generation 13/30 and length of current population 151 .
2026-02-25 16:43:20,777 [INFO] - For chunk 1/1, generation 14/30 and length of current population 151 .
2026-02-25 16:43:21,309 [INFO] - For chunk 1/1, generation 15/30 and length of current population 151 .
2026-02-25 16:43:21,757 [INFO] - For chunk 1/1, generation 16/30 and length of current population 151 .
2026-02-25 16:43:22,190 [INFO] - For chunk 1/1, generation 17/30 and length of current population 151 .
2026-02-25 16:43:22,980 [INFO] - For chunk 1/1, generation 18/30 and length of current population 151 .
2026-02-25 16:43:23,479 [INFO] - For chunk 1/1, generation 19/30 and length of current population 151 .
2026-02-25 16:43:23,918 [INFO] - For chunk 1/1, generation 20/30 and length of current population 151 .
2026-02-25 16:43:24,357 [INFO] - For chunk 1/1, generation 21/30 and length of current population 151 .
2026-02-25 16:43:24,789 [INFO] - For chunk 1/1, generation 22/30 and length of current population 151 .
2026-02-25 16:43:25,217 [INFO] - For chunk 1/1, generation 23/30 and length of current population 151 .
2026-02-25 16:43:25,645 [INFO] - For chunk 1/1, generation 24/30 and length of current population 151 .
2026-02-25 16:43:26,218 [INFO] - For chunk 1/1, generation 25/30 and length of current population 151 .
2026-02-25 16:43:26,694 [INFO] - For chunk 1/1, generation 26/30 and length of current population 151 .
2026-02-25 16:43:27,214 [INFO] - For chunk 1/1, generation 27/30 and length of current population 151 .
2026-02-25 16:43:27,697 [INFO] - For chunk 1/1, generation 28/30 and length of current population 151 .
2026-02-25 16:43:28,178 [INFO] - For chunk 1/1, generation 29/30 and length of current population 151 .
2026-02-25 16:43:28,757 [INFO] - For chunk 1/1, generation 30/30 and length of current population 151 .
2026-02-25 16:43:28,769 [INFO] - Dataset iteration 9 for depth 2 in low volatility regime.
2026-02-25 16:43:29,068 [INFO] - For chunk 1/1, generation 1/30 and length of current population 151 .
2026-02-25 16:43:29,278 [INFO] - For chunk 1/1, generation 2/30 and length of current population 151 .
2026-02-25 16:43:29,492 [INFO] - For chunk 1/1, generation 3/30 and length of current population 151 .
2026-02-25 16:43:29,720 [INFO] - For chunk 1/1, generation 4/30 and length of current population 151 .
2026-02-25 16:43:30,289 [INFO] - For chunk 1/1, generation 5/30 and length of current population 151 .
2026-02-25 16:43:30,507 [INFO] - For chunk 1/1, generation 6/30 and length of current population 151 .
2026-02-25 16:43:30,739 [INFO] - For chunk 1/1, generation 7/30 and length of current population 151 .
2026-02-25 16:43:31,022 [INFO] - For chunk 1/1, generation 8/30 and length of current population 151 .
2026-02-25 16:43:31,248 [INFO] - For chunk 1/1, generation 9/30 and length of current population 151 .
2026-02-25 16:43:31,467 [INFO] - For chunk 1/1, generation 10/30 and length of current population 151 .
2026-02-25 16:43:31,701 [INFO] - For chunk 1/1, generation 11/30 and length of current population 151 .
2026-02-25 16:43:31,935 [INFO] - For chunk 1/1, generation 12/30 and length of current population 151 .
2026-02-25 16:43:32,167 [INFO] - For chunk 1/1, generation 13/30 and length of current population 151 .
2026-02-25 16:43:32,390 [INFO] - For chunk 1/1, generation 14/30 and length of current population 151 .
2026-02-25 16:43:32,615 [INFO] - For chunk 1/1, generation 15/30 and length of current population 151 .
2026-02-25 16:43:32,837 [INFO] - For chunk 1/1, generation 16/30 and length of current population 151 .
2026-02-25 16:43:33,077 [INFO] - For chunk 1/1, generation 17/30 and length of current population 151 .
2026-02-25 16:43:33,287 [INFO] - For chunk 1/1, generation 18/30 and length of current population 151 .
2026-02-25 16:43:33,561 [INFO] - For chunk 1/1, generation 19/30 and length of current population 151 .
2026-02-25 16:43:33,778 [INFO] - For chunk 1/1, generation 20/30 and length of current population 151 .
2026-02-25 16:43:34,017 [INFO] - For chunk 1/1, generation 21/30 and length of current population 151 .
2026-02-25 16:43:34,247 [INFO] - For chunk 1/1, generation 22/30 and length of current population 151 .
2026-02-25 16:43:34,473 [INFO] - For chunk 1/1, generation 23/30 and length of current population 151 .
2026-02-25 16:43:34,689 [INFO] - For chunk 1/1, generation 24/30 and length of current population 151 .
2026-02-25 16:43:34,917 [INFO] - For chunk 1/1, generation 25/30 and length of current population 151 .
2026-02-25 16:43:35,137 [INFO] - For chunk 1/1, generation 26/30 and length of current population 151 .
2026-02-25 16:43:35,347 [INFO] - For chunk 1/1, generation 27/30 and length of current population 151 .
2026-02-25 16:43:35,559 [INFO] - For chunk 1/1, generation 28/30 and length of current population 151 .
2026-02-25 16:43:35,770 [INFO] - For chunk 1/1, generation 29/30 and length of current population 151 .
2026-02-25 16:43:36,027 [INFO] - For chunk 1/1, generation 30/30 and length of current population 151 .
2026-02-25 16:43:36,035 [INFO] - Dataset iteration 9 for depth 3 in low volatility regime.
2026-02-25 16:43:36,797 [INFO] - For chunk 1/1, generation 1/30 and length of current population 151 .
2026-02-25 16:43:37,457 [INFO] - For chunk 1/1, generation 2/30 and length of current population 151 .
2026-02-25 16:43:38,250 [INFO] - For chunk 1/1, generation 3/30 and length of current population 151 .
2026-02-25 16:43:39,178 [INFO] - For chunk 1/1, generation 4/30 and length of current population 151 .
2026-02-25 16:43:40,612 [INFO] - For chunk 1/1, generation 5/30 and length of current population 151 .
2026-02-25 16:43:41,652 [INFO] - For chunk 1/1, generation 6/30 and length of current population 151 .
2026-02-25 16:43:42,678 [INFO] - For chunk 1/1, generation 7/30 and length of current population 151 .
2026-02-25 16:43:43,769 [INFO] - For chunk 1/1, generation 8/30 and length of current population 151 .
2026-02-25 16:43:44,758 [INFO] - For chunk 1/1, generation 9/30 and length of current population 151 .
2026-02-25 16:43:46,165 [INFO] - For chunk 1/1, generation 10/30 and length of current population 151 .
2026-02-25 16:43:47,117 [INFO] - For chunk 1/1, generation 11/30 and length of current population 151 .
2026-02-25 16:43:48,112 [INFO] - For chunk 1/1, generation 12/30 and length of current population 151 .
2026-02-25 16:43:49,207 [INFO] - For chunk 1/1, generation 13/30 and length of current population 151 .
2026-02-25 16:43:50,620 [INFO] - For chunk 1/1, generation 14/30 and length of current population 151 .
2026-02-25 16:43:51,808 [INFO] - For chunk 1/1, generation 15/30 and length of current population 151 .
2026-02-25 16:43:52,869 [INFO] - For chunk 1/1, generation 16/30 and length of current population 151 .
2026-02-25 16:43:53,988 [INFO] - For chunk 1/1, generation 17/30 and length of current population 151 .
2026-02-25 16:43:55,127 [INFO] - For chunk 1/1, generation 18/30 and length of current population 151 .
2026-02-25 16:43:56,687 [INFO] - For chunk 1/1, generation 19/30 and length of current population 151 .
2026-02-25 16:43:57,767 [INFO] - For chunk 1/1, generation 20/30 and length of current population 151 .
2026-02-25 16:43:58,917 [INFO] - For chunk 1/1, generation 21/30 and length of current population 151 .
2026-02-25 16:43:59,845 [INFO] - For chunk 1/1, generation 22/30 and length of current population 151 .
2026-02-25 16:44:00,891 [INFO] - For chunk 1/1, generation 23/30 and length of current population 151 .
2026-02-25 16:44:02,321 [INFO] - For chunk 1/1, generation 24/30 and length of current population 151 .
2026-02-25 16:44:03,351 [INFO] - For chunk 1/1, generation 25/30 and length of current population 151 .
2026-02-25 16:44:04,377 [INFO] - For chunk 1/1, generation 26/30 and length of current population 151 .
2026-02-25 16:44:05,307 [INFO] - For chunk 1/1, generation 27/30 and length of current population 151 .
2026-02-25 16:44:06,411 [INFO] - For chunk 1/1, generation 28/30 and length of current population 151 .
2026-02-25 16:44:07,789 [INFO] - For chunk 1/1, generation 29/30 and length of current population 151 .
2026-02-25 16:44:08,843 [INFO] - For chunk 1/1, generation 30/30 and length of current population 151 .
2026-02-25 16:44:46,817 [INFO] - Checkpoint saved successfully to checkpoint.pkl
2026-02-25 16:44:46,817 [INFO] -  Starting Iteration 10 | Train: 1500-2500 | Test: 2500-3000 
2026-02-25 16:44:47,037 [INFO] - Running advanced evolution...
2026-02-25 16:44:47,042 [INFO] - Dataset iteration 10 for depth 2 in high volatility regime.
2026-02-25 16:44:47,327 [INFO] - For chunk 1/1, generation 1/30 and length of current population 151 .
2026-02-25 16:44:47,553 [INFO] - For chunk 1/1, generation 2/30 and length of current population 151 .
2026-02-25 16:44:47,780 [INFO] - For chunk 1/1, generation 3/30 and length of current population 151 .
2026-02-25 16:44:48,029 [INFO] - For chunk 1/1, generation 4/30 and length of current population 151 .
2026-02-25 16:44:48,313 [INFO] - For chunk 1/1, generation 5/30 and length of current population 151 .
2026-02-25 16:44:48,543 [INFO] - For chunk 1/1, generation 6/30 and length of current population 151 .
2026-02-25 16:44:48,759 [INFO] - For chunk 1/1, generation 7/30 and length of current population 151 .
2026-02-25 16:44:48,978 [INFO] - For chunk 1/1, generation 8/30 and length of current population 151 .
2026-02-25 16:44:49,200 [INFO] - For chunk 1/1, generation 9/30 and length of current population 151 .
2026-02-25 16:44:49,411 [INFO] - For chunk 1/1, generation 10/30 and length of current population 151 .
2026-02-25 16:44:49,617 [INFO] - For chunk 1/1, generation 11/30 and length of current population 151 .
2026-02-25 16:44:49,833 [INFO] - For chunk 1/1, generation 12/30 and length of current population 151 .
2026-02-25 16:44:50,050 [INFO] - For chunk 1/1, generation 13/30 and length of current population 151 .
2026-02-25 16:44:50,273 [INFO] - For chunk 1/1, generation 14/30 and length of current population 151 .
2026-02-25 16:44:50,501 [INFO] - For chunk 1/1, generation 15/30 and length of current population 151 .
2026-02-25 16:44:50,776 [INFO] - For chunk 1/1, generation 16/30 and length of current population 151 .
2026-02-25 16:44:51,021 [INFO] - For chunk 1/1, generation 17/30 and length of current population 151 .
2026-02-25 16:44:51,247 [INFO] - For chunk 1/1, generation 18/30 and length of current population 151 .
2026-02-25 16:44:51,477 [INFO] - For chunk 1/1, generation 19/30 and length of current population 151 .
2026-02-25 16:44:51,701 [INFO] - For chunk 1/1, generation 20/30 and length of current population 151 .
2026-02-25 16:44:51,947 [INFO] - For chunk 1/1, generation 21/30 and length of current population 151 .
2026-02-25 16:44:52,179 [INFO] - For chunk 1/1, generation 22/30 and length of current population 151 .
2026-02-25 16:44:52,419 [INFO] - For chunk 1/1, generation 23/30 and length of current population 151 .
2026-02-25 16:44:52,667 [INFO] - For chunk 1/1, generation 24/30 and length of current population 151 .
2026-02-25 16:44:52,897 [INFO] - For chunk 1/1, generation 25/30 and length of current population 151 .
2026-02-25 16:44:53,127 [INFO] - For chunk 1/1, generation 26/30 and length of current population 151 .
2026-02-25 16:44:53,379 [INFO] - For chunk 1/1, generation 27/30 and length of current population 151 .
2026-02-25 16:44:53,617 [INFO] - For chunk 1/1, generation 28/30 and length of current population 151 .
2026-02-25 16:44:53,851 [INFO] - For chunk 1/1, generation 29/30 and length of current population 151 .
2026-02-25 16:44:54,071 [INFO] - For chunk 1/1, generation 30/30 and length of current population 151 .
2026-02-25 16:44:54,081 [INFO] - Dataset iteration 10 for depth 3 in high volatility regime.
2026-02-25 16:44:54,599 [INFO] - For chunk 1/1, generation 1/30 and length of current population 151 .
2026-02-25 16:44:55,057 [INFO] - For chunk 1/1, generation 2/30 and length of current population 151 .
2026-02-25 16:44:55,538 [INFO] - For chunk 1/1, generation 3/30 and length of current population 151 .
2026-02-25 16:44:57,219 [INFO] - For chunk 1/1, generation 4/30 and length of current population 151 .
2026-02-25 16:44:57,699 [INFO] - For chunk 1/1, generation 5/30 and length of current population 151 .
2026-02-25 16:44:58,230 [INFO] - For chunk 1/1, generation 6/30 and length of current population 151 .
2026-02-25 16:44:58,807 [INFO] - For chunk 1/1, generation 7/30 and length of current population 151 .
2026-02-25 16:44:59,339 [INFO] - For chunk 1/1, generation 8/30 and length of current population 151 .
2026-02-25 16:44:59,889 [INFO] - For chunk 1/1, generation 9/30 and length of current population 151 .
2026-02-25 16:45:00,505 [INFO] - For chunk 1/1, generation 10/30 and length of current population 151 .
2026-02-25 16:45:01,082 [INFO] - For chunk 1/1, generation 11/30 and length of current population 151 .
2026-02-25 16:45:01,607 [INFO] - For chunk 1/1, generation 12/30 and length of current population 151 .
2026-02-25 16:45:02,109 [INFO] - For chunk 1/1, generation 13/30 and length of current population 151 .
2026-02-25 16:45:02,677 [INFO] - For chunk 1/1, generation 14/30 and length of current population 151 .
2026-02-25 16:45:03,231 [INFO] - For chunk 1/1, generation 15/30 and length of current population 151 .
2026-02-25 16:45:04,167 [INFO] - For chunk 1/1, generation 16/30 and length of current population 151 .
2026-02-25 16:45:04,692 [INFO] - For chunk 1/1, generation 17/30 and length of current population 151 .
2026-02-25 16:45:05,207 [INFO] - For chunk 1/1, generation 18/30 and length of current population 151 .
2026-02-25 16:45:05,752 [INFO] - For chunk 1/1, generation 19/30 and length of current population 151 .
2026-02-25 16:45:06,329 [INFO] - For chunk 1/1, generation 20/30 and length of current population 151 .
2026-02-25 16:45:06,919 [INFO] - For chunk 1/1, generation 21/30 and length of current population 151 .
2026-02-25 16:45:07,507 [INFO] - For chunk 1/1, generation 22/30 and length of current population 151 .
2026-02-25 16:45:08,121 [INFO] - For chunk 1/1, generation 23/30 and length of current population 151 .
2026-02-25 16:45:08,808 [INFO] - For chunk 1/1, generation 24/30 and length of current population 151 .
2026-02-25 16:45:09,867 [INFO] - For chunk 1/1, generation 25/30 and length of current population 151 .
2026-02-25 16:45:10,485 [INFO] - For chunk 1/1, generation 26/30 and length of current population 151 .
2026-02-25 16:45:11,178 [INFO] - For chunk 1/1, generation 27/30 and length of current population 151 .
2026-02-25 16:45:11,777 [INFO] - For chunk 1/1, generation 28/30 and length of current population 151 .
2026-02-25 16:45:12,377 [INFO] - For chunk 1/1, generation 29/30 and length of current population 151 .
2026-02-25 16:45:12,981 [INFO] - For chunk 1/1, generation 30/30 and length of current population 151 .
2026-02-25 16:45:13,001 [INFO] - Dataset iteration 10 for depth 2 in low volatility regime.
2026-02-25 16:45:13,337 [INFO] - For chunk 1/1, generation 1/30 and length of current population 151 .
2026-02-25 16:45:13,577 [INFO] - For chunk 1/1, generation 2/30 and length of current population 151 .
2026-02-25 16:45:13,811 [INFO] - For chunk 1/1, generation 3/30 and length of current population 151 .
2026-02-25 16:45:14,027 [INFO] - For chunk 1/1, generation 4/30 and length of current population 151 .
2026-02-25 16:45:14,239 [INFO] - For chunk 1/1, generation 5/30 and length of current population 151 .
2026-02-25 16:45:14,458 [INFO] - For chunk 1/1, generation 6/30 and length of current population 151 .
2026-02-25 16:45:14,666 [INFO] - For chunk 1/1, generation 7/30 and length of current population 151 .
2026-02-25 16:45:14,897 [INFO] - For chunk 1/1, generation 8/30 and length of current population 151 .
2026-02-25 16:45:15,107 [INFO] - For chunk 1/1, generation 9/30 and length of current population 151 .
2026-02-25 16:45:15,332 [INFO] - For chunk 1/1, generation 10/30 and length of current population 151 .
2026-02-25 16:45:15,538 [INFO] - For chunk 1/1, generation 11/30 and length of current population 151 .
2026-02-25 16:45:15,767 [INFO] - For chunk 1/1, generation 12/30 and length of current population 151 .
2026-02-25 16:45:16,039 [INFO] - For chunk 1/1, generation 13/30 and length of current population 151 .
2026-02-25 16:45:16,278 [INFO] - For chunk 1/1, generation 14/30 and length of current population 151 .
2026-02-25 16:45:16,497 [INFO] - For chunk 1/1, generation 15/30 and length of current population 151 .
2026-02-25 16:45:16,717 [INFO] - For chunk 1/1, generation 16/30 and length of current population 151 .
2026-02-25 16:45:16,934 [INFO] - For chunk 1/1, generation 17/30 and length of current population 151 .
2026-02-25 16:45:17,161 [INFO] - For chunk 1/1, generation 18/30 and length of current population 151 .
2026-02-25 16:45:17,402 [INFO] - For chunk 1/1, generation 19/30 and length of current population 151 .
2026-02-25 16:45:17,634 [INFO] - For chunk 1/1, generation 20/30 and length of current population 151 .
2026-02-25 16:45:17,869 [INFO] - For chunk 1/1, generation 21/30 and length of current population 151 .
2026-02-25 16:45:18,090 [INFO] - For chunk 1/1, generation 22/30 and length of current population 151 .
2026-02-25 16:45:18,335 [INFO] - For chunk 1/1, generation 23/30 and length of current population 151 .
2026-02-25 16:45:18,597 [INFO] - For chunk 1/1, generation 24/30 and length of current population 151 .
2026-02-25 16:45:18,825 [INFO] - For chunk 1/1, generation 25/30 and length of current population 151 .
2026-02-25 16:45:19,047 [INFO] - For chunk 1/1, generation 26/30 and length of current population 151 .
2026-02-25 16:45:19,288 [INFO] - For chunk 1/1, generation 27/30 and length of current population 151 .
2026-02-25 16:45:19,507 [INFO] - For chunk 1/1, generation 28/30 and length of current population 151 .
2026-02-25 16:45:19,707 [INFO] - For chunk 1/1, generation 29/30 and length of current population 151 .
2026-02-25 16:45:20,337 [INFO] - For chunk 1/1, generation 30/30 and length of current population 151 .
2026-02-25 16:45:20,347 [INFO] - Dataset iteration 10 for depth 3 in low volatility regime.
2026-02-25 16:45:21,388 [INFO] - For chunk 1/1, generation 1/30 and length of current population 151 .
2026-02-25 16:45:21,820 [INFO] - Sanitized unary node val 15 -> 5
2026-02-25 16:45:22,177 [INFO] - For chunk 1/1, generation 2/30 and length of current population 151 .
2026-02-25 16:45:23,027 [INFO] - For chunk 1/1, generation 3/30 and length of current population 151 .
2026-02-25 16:45:23,830 [INFO] - For chunk 1/1, generation 4/30 and length of current population 151 .
2026-02-25 16:45:24,630 [INFO] - For chunk 1/1, generation 5/30 and length of current population 151 .
2026-02-25 16:45:25,486 [INFO] - For chunk 1/1, generation 6/30 and length of current population 151 .
2026-02-25 16:45:26,717 [INFO] - For chunk 1/1, generation 7/30 and length of current population 151 .
2026-02-25 16:45:27,542 [INFO] - For chunk 1/1, generation 8/30 and length of current population 151 .
2026-02-25 16:45:28,337 [INFO] - For chunk 1/1, generation 9/30 and length of current population 151 .
2026-02-25 16:45:29,221 [INFO] - For chunk 1/1, generation 10/30 and length of current population 151 .
2026-02-25 16:45:29,997 [INFO] - For chunk 1/1, generation 11/30 and length of current population 151 .
2026-02-25 16:45:30,757 [INFO] - For chunk 1/1, generation 12/30 and length of current population 151 .
2026-02-25 16:45:31,909 [INFO] - For chunk 1/1, generation 13/30 and length of current population 151 .
2026-02-25 16:45:32,772 [INFO] - For chunk 1/1, generation 14/30 and length of current population 151 .
2026-02-25 16:45:33,619 [INFO] - For chunk 1/1, generation 15/30 and length of current population 151 .
2026-02-25 16:45:34,347 [INFO] - For chunk 1/1, generation 16/30 and length of current population 151 .
2026-02-25 16:45:35,037 [INFO] - For chunk 1/1, generation 17/30 and length of current population 151 .
2026-02-25 16:45:35,673 [INFO] - For chunk 1/1, generation 18/30 and length of current population 151 .
2026-02-25 16:45:36,343 [INFO] - For chunk 1/1, generation 19/30 and length of current population 151 .
2026-02-25 16:45:37,092 [INFO] - For chunk 1/1, generation 20/30 and length of current population 151 .
2026-02-25 16:45:38,272 [INFO] - For chunk 1/1, generation 21/30 and length of current population 151 .
2026-02-25 16:45:39,217 [INFO] - For chunk 1/1, generation 22/30 and length of current population 151 .
2026-02-25 16:45:39,973 [INFO] - For chunk 1/1, generation 23/30 and length of current population 151 .
2026-02-25 16:45:40,716 [INFO] - For chunk 1/1, generation 24/30 and length of current population 151 .
2026-02-25 16:45:41,449 [INFO] - For chunk 1/1, generation 25/30 and length of current population 151 .
2026-02-25 16:45:42,182 [INFO] - For chunk 1/1, generation 26/30 and length of current population 151 .
2026-02-25 16:45:42,926 [INFO] - For chunk 1/1, generation 27/30 and length of current population 151 .
2026-02-25 16:45:44,007 [INFO] - For chunk 1/1, generation 28/30 and length of current population 151 .
2026-02-25 16:45:44,626 [INFO] - For chunk 1/1, generation 29/30 and length of current population 151 .
2026-02-25 16:45:45,279 [INFO] - For chunk 1/1, generation 30/30 and length of current population 151 .
2026-02-25 16:46:23,932 [INFO] - Checkpoint saved successfully to checkpoint.pkl
2026-02-25 16:46:23,932 [INFO] -  Starting Iteration 11 | Train: 1650-2650 | Test: 2650-3150 
2026-02-25 16:46:24,118 [INFO] - Running advanced evolution...
2026-02-25 16:46:24,126 [INFO] - Dataset iteration 11 for depth 2 in high volatility regime.
2026-02-25 16:46:24,458 [INFO] - For chunk 1/1, generation 1/30 and length of current population 151 .
2026-02-25 16:46:24,689 [INFO] - For chunk 1/1, generation 2/30 and length of current population 151 .
2026-02-25 16:46:24,927 [INFO] - For chunk 1/1, generation 3/30 and length of current population 151 .
2026-02-25 16:46:25,166 [INFO] - For chunk 1/1, generation 4/30 and length of current population 151 .
2026-02-25 16:46:25,400 [INFO] - For chunk 1/1, generation 5/30 and length of current population 151 .
2026-02-25 16:46:25,660 [INFO] - For chunk 1/1, generation 6/30 and length of current population 151 .
2026-02-25 16:46:25,950 [INFO] - For chunk 1/1, generation 7/30 and length of current population 151 .
2026-02-25 16:46:26,180 [INFO] - For chunk 1/1, generation 8/30 and length of current population 151 .
2026-02-25 16:46:26,422 [INFO] - For chunk 1/1, generation 9/30 and length of current population 151 .
2026-02-25 16:46:26,666 [INFO] - For chunk 1/1, generation 10/30 and length of current population 151 .
2026-02-25 16:46:26,901 [INFO] - For chunk 1/1, generation 11/30 and length of current population 151 .
2026-02-25 16:46:27,158 [INFO] - For chunk 1/1, generation 12/30 and length of current population 151 .
2026-02-25 16:46:27,400 [INFO] - For chunk 1/1, generation 13/30 and length of current population 151 .
2026-02-25 16:46:27,642 [INFO] - For chunk 1/1, generation 14/30 and length of current population 151 .
2026-02-25 16:46:27,867 [INFO] - For chunk 1/1, generation 15/30 and length of current population 151 .
2026-02-25 16:46:28,126 [INFO] - For chunk 1/1, generation 16/30 and length of current population 151 .
2026-02-25 16:46:28,441 [INFO] - For chunk 1/1, generation 17/30 and length of current population 151 .
2026-02-25 16:46:28,675 [INFO] - For chunk 1/1, generation 18/30 and length of current population 151 .
2026-02-25 16:46:28,908 [INFO] - For chunk 1/1, generation 19/30 and length of current population 151 .
2026-02-25 16:46:29,150 [INFO] - For chunk 1/1, generation 20/30 and length of current population 151 .
2026-02-25 16:46:29,381 [INFO] - For chunk 1/1, generation 21/30 and length of current population 151 .
2026-02-25 16:46:29,597 [INFO] - For chunk 1/1, generation 22/30 and length of current population 151 .
2026-02-25 16:46:29,828 [INFO] - For chunk 1/1, generation 23/30 and length of current population 151 .
2026-02-25 16:46:30,050 [INFO] - For chunk 1/1, generation 24/30 and length of current population 151 .
2026-02-25 16:46:30,290 [INFO] - For chunk 1/1, generation 25/30 and length of current population 151 .
2026-02-25 16:46:30,536 [INFO] - For chunk 1/1, generation 26/30 and length of current population 151 .
2026-02-25 16:46:30,863 [INFO] - For chunk 1/1, generation 27/30 and length of current population 151 .
2026-02-25 16:46:31,117 [INFO] - For chunk 1/1, generation 28/30 and length of current population 151 .
2026-02-25 16:46:31,358 [INFO] - For chunk 1/1, generation 29/30 and length of current population 151 .
2026-02-25 16:46:31,598 [INFO] - For chunk 1/1, generation 30/30 and length of current population 151 .
2026-02-25 16:46:31,606 [INFO] - Dataset iteration 11 for depth 3 in high volatility regime.
2026-02-25 16:46:32,366 [INFO] - For chunk 1/1, generation 1/30 and length of current population 151 .
2026-02-25 16:46:34,028 [INFO] - For chunk 1/1, generation 2/30 and length of current population 151 .
2026-02-25 16:46:34,616 [INFO] - For chunk 1/1, generation 3/30 and length of current population 151 .
2026-02-25 16:46:35,239 [INFO] - For chunk 1/1, generation 4/30 and length of current population 151 .
2026-02-25 16:46:35,910 [INFO] - For chunk 1/1, generation 5/30 and length of current population 151 .
2026-02-25 16:46:36,537 [INFO] - For chunk 1/1, generation 6/30 and length of current population 151 .
2026-02-25 16:46:37,197 [INFO] - For chunk 1/1, generation 7/30 and length of current population 151 .
2026-02-25 16:46:37,858 [INFO] - For chunk 1/1, generation 8/30 and length of current population 151 .
2026-02-25 16:46:38,620 [INFO] - For chunk 1/1, generation 9/30 and length of current population 151 .
2026-02-25 16:46:39,377 [INFO] - For chunk 1/1, generation 10/30 and length of current population 151 .
2026-02-25 16:46:40,157 [INFO] - For chunk 1/1, generation 11/30 and length of current population 151 .
2026-02-25 16:46:41,244 [INFO] - For chunk 1/1, generation 12/30 and length of current population 151 .
2026-02-25 16:46:42,019 [INFO] - For chunk 1/1, generation 13/30 and length of current population 151 .
2026-02-25 16:46:42,826 [INFO] - For chunk 1/1, generation 14/30 and length of current population 151 .
2026-02-25 16:46:43,656 [INFO] - For chunk 1/1, generation 15/30 and length of current population 151 .
2026-02-25 16:46:44,436 [INFO] - For chunk 1/1, generation 16/30 and length of current population 151 .
2026-02-25 16:46:45,267 [INFO] - For chunk 1/1, generation 17/30 and length of current population 151 .
2026-02-25 16:46:46,136 [INFO] - For chunk 1/1, generation 18/30 and length of current population 151 .
2026-02-25 16:46:47,327 [INFO] - For chunk 1/1, generation 19/30 and length of current population 151 .
2026-02-25 16:46:48,270 [INFO] - For chunk 1/1, generation 20/30 and length of current population 151 .
2026-02-25 16:46:49,200 [INFO] - For chunk 1/1, generation 21/30 and length of current population 151 .
2026-02-25 16:46:50,240 [INFO] - For chunk 1/1, generation 22/30 and length of current population 151 .
2026-02-25 16:46:51,306 [INFO] - For chunk 1/1, generation 23/30 and length of current population 151 .
2026-02-25 16:46:52,307 [INFO] - For chunk 1/1, generation 24/30 and length of current population 151 .
2026-02-25 16:46:53,729 [INFO] - For chunk 1/1, generation 25/30 and length of current population 151 .
2026-02-25 16:46:54,786 [INFO] - For chunk 1/1, generation 26/30 and length of current population 151 .
2026-02-25 16:46:55,911 [INFO] - For chunk 1/1, generation 27/30 and length of current population 151 .
2026-02-25 16:46:56,989 [INFO] - For chunk 1/1, generation 28/30 and length of current population 151 .
2026-02-25 16:46:58,103 [INFO] - For chunk 1/1, generation 29/30 and length of current population 151 .
2026-02-25 16:46:59,139 [INFO] - For chunk 1/1, generation 30/30 and length of current population 151 .
2026-02-25 16:46:59,157 [INFO] - Dataset iteration 11 for depth 2 in low volatility regime.
2026-02-25 16:46:59,456 [INFO] - For chunk 1/1, generation 1/30 and length of current population 151 .
2026-02-25 16:46:59,678 [INFO] - For chunk 1/1, generation 2/30 and length of current population 151 .
2026-02-25 16:46:59,901 [INFO] - For chunk 1/1, generation 3/30 and length of current population 151 .
2026-02-25 16:47:00,450 [INFO] - For chunk 1/1, generation 4/30 and length of current population 151 .
2026-02-25 16:47:00,746 [INFO] - For chunk 1/1, generation 5/30 and length of current population 151 .
2026-02-25 16:47:00,971 [INFO] - For chunk 1/1, generation 6/30 and length of current population 151 .
2026-02-25 16:47:01,186 [INFO] - For chunk 1/1, generation 7/30 and length of current population 151 .
2026-02-25 16:47:01,402 [INFO] - For chunk 1/1, generation 8/30 and length of current population 151 .
2026-02-25 16:47:01,611 [INFO] - For chunk 1/1, generation 9/30 and length of current population 151 .
2026-02-25 16:47:01,812 [INFO] - For chunk 1/1, generation 10/30 and length of current population 151 .
2026-02-25 16:47:02,036 [INFO] - For chunk 1/1, generation 11/30 and length of current population 151 .
2026-02-25 16:47:02,266 [INFO] - For chunk 1/1, generation 12/30 and length of current population 151 .
2026-02-25 16:47:02,478 [INFO] - For chunk 1/1, generation 13/30 and length of current population 151 .
2026-02-25 16:47:02,695 [INFO] - For chunk 1/1, generation 14/30 and length of current population 151 .
2026-02-25 16:47:02,913 [INFO] - For chunk 1/1, generation 15/30 and length of current population 151 .
2026-02-25 16:47:03,205 [INFO] - For chunk 1/1, generation 16/30 and length of current population 151 .
2026-02-25 16:47:03,446 [INFO] - For chunk 1/1, generation 17/30 and length of current population 151 .
2026-02-25 16:47:03,661 [INFO] - For chunk 1/1, generation 18/30 and length of current population 151 .
2026-02-25 16:47:03,893 [INFO] - For chunk 1/1, generation 19/30 and length of current population 151 .
2026-02-25 16:47:04,121 [INFO] - For chunk 1/1, generation 20/30 and length of current population 151 .
2026-02-25 16:47:04,342 [INFO] - For chunk 1/1, generation 21/30 and length of current population 151 .
2026-02-25 16:47:04,561 [INFO] - For chunk 1/1, generation 22/30 and length of current population 151 .
2026-02-25 16:47:04,806 [INFO] - For chunk 1/1, generation 23/30 and length of current population 151 .
2026-02-25 16:47:05,026 [INFO] - For chunk 1/1, generation 24/30 and length of current population 151 .
2026-02-25 16:47:05,251 [INFO] - For chunk 1/1, generation 25/30 and length of current population 151 .
2026-02-25 16:47:05,482 [INFO] - For chunk 1/1, generation 26/30 and length of current population 151 .
2026-02-25 16:47:05,727 [INFO] - For chunk 1/1, generation 27/30 and length of current population 151 .
2026-02-25 16:47:05,949 [INFO] - For chunk 1/1, generation 28/30 and length of current population 151 .
2026-02-25 16:47:06,182 [INFO] - For chunk 1/1, generation 29/30 and length of current population 151 .
2026-02-25 16:47:06,416 [INFO] - For chunk 1/1, generation 30/30 and length of current population 151 .
2026-02-25 16:47:06,420 [INFO] - Dataset iteration 11 for depth 3 in low volatility regime.
2026-02-25 16:47:07,116 [INFO] - For chunk 1/1, generation 1/30 and length of current population 151 .
2026-02-25 16:47:07,686 [INFO] - For chunk 1/1, generation 2/30 and length of current population 151 .
2026-02-25 16:47:08,319 [INFO] - For chunk 1/1, generation 3/30 and length of current population 151 .
2026-02-25 16:47:08,877 [INFO] - For chunk 1/1, generation 4/30 and length of current population 151 .
2026-02-25 16:47:09,458 [INFO] - For chunk 1/1, generation 5/30 and length of current population 151 .
2026-02-25 16:47:10,483 [INFO] - For chunk 1/1, generation 6/30 and length of current population 151 .
2026-02-25 16:47:11,217 [INFO] - For chunk 1/1, generation 7/30 and length of current population 151 .
2026-02-25 16:47:11,794 [INFO] - For chunk 1/1, generation 8/30 and length of current population 151 .
2026-02-25 16:47:12,408 [INFO] - For chunk 1/1, generation 9/30 and length of current population 151 .
2026-02-25 16:47:13,038 [INFO] - For chunk 1/1, generation 10/30 and length of current population 151 .
2026-02-25 16:47:13,665 [INFO] - For chunk 1/1, generation 11/30 and length of current population 151 .
2026-02-25 16:47:14,274 [INFO] - For chunk 1/1, generation 12/30 and length of current population 151 .
2026-02-25 16:47:14,910 [INFO] - For chunk 1/1, generation 13/30 and length of current population 151 .
2026-02-25 16:47:15,502 [INFO] - For chunk 1/1, generation 14/30 and length of current population 151 .
2026-02-25 16:47:16,192 [INFO] - For chunk 1/1, generation 15/30 and length of current population 151 .
2026-02-25 16:47:16,821 [INFO] - For chunk 1/1, generation 16/30 and length of current population 151 .
2026-02-25 16:47:17,803 [INFO] - For chunk 1/1, generation 17/30 and length of current population 151 .
2026-02-25 16:47:18,520 [INFO] - For chunk 1/1, generation 18/30 and length of current population 151 .
2026-02-25 16:47:19,137 [INFO] - For chunk 1/1, generation 19/30 and length of current population 151 .
2026-02-25 16:47:19,797 [INFO] - For chunk 1/1, generation 20/30 and length of current population 151 .
2026-02-25 16:47:20,496 [INFO] - For chunk 1/1, generation 21/30 and length of current population 151 .
2026-02-25 16:47:21,270 [INFO] - For chunk 1/1, generation 22/30 and length of current population 151 .
2026-02-25 16:47:21,976 [INFO] - For chunk 1/1, generation 23/30 and length of current population 151 .
2026-02-25 16:47:22,642 [INFO] - For chunk 1/1, generation 24/30 and length of current population 151 .
2026-02-25 16:47:23,433 [INFO] - For chunk 1/1, generation 25/30 and length of current population 151 .
2026-02-25 16:47:24,110 [INFO] - For chunk 1/1, generation 26/30 and length of current population 151 .
2026-02-25 16:47:25,096 [INFO] - For chunk 1/1, generation 27/30 and length of current population 151 .
2026-02-25 16:47:25,826 [INFO] - For chunk 1/1, generation 28/30 and length of current population 151 .
2026-02-25 16:47:26,478 [INFO] - For chunk 1/1, generation 29/30 and length of current population 151 .
2026-02-25 16:47:27,122 [INFO] - For chunk 1/1, generation 30/30 and length of current population 151 .
2026-02-25 16:48:09,140 [INFO] - Checkpoint saved successfully to checkpoint.pkl
2026-02-25 16:48:09,140 [INFO] -  Starting Iteration 12 | Train: 1800-2800 | Test: 2800-3300 
2026-02-25 16:48:09,386 [INFO] - Running advanced evolution...
2026-02-25 16:48:09,386 [INFO] - Dataset iteration 12 for depth 2 in high volatility regime.
2026-02-25 16:48:09,726 [INFO] - For chunk 1/1, generation 1/30 and length of current population 151 .
2026-02-25 16:48:09,990 [INFO] - For chunk 1/1, generation 2/30 and length of current population 151 .
2026-02-25 16:48:10,244 [INFO] - For chunk 1/1, generation 3/30 and length of current population 151 .
2026-02-25 16:48:10,480 [INFO] - For chunk 1/1, generation 4/30 and length of current population 151 .
2026-02-25 16:48:10,730 [INFO] - For chunk 1/1, generation 5/30 and length of current population 151 .
2026-02-25 16:48:10,984 [INFO] - For chunk 1/1, generation 6/30 and length of current population 151 .
2026-02-25 16:48:11,296 [INFO] - For chunk 1/1, generation 7/30 and length of current population 151 .
2026-02-25 16:48:11,566 [INFO] - For chunk 1/1, generation 8/30 and length of current population 151 .
2026-02-25 16:48:11,809 [INFO] - For chunk 1/1, generation 9/30 and length of current population 151 .
2026-02-25 16:48:12,048 [INFO] - For chunk 1/1, generation 10/30 and length of current population 151 .
2026-02-25 16:48:12,296 [INFO] - For chunk 1/1, generation 11/30 and length of current population 151 .
2026-02-25 16:48:12,546 [INFO] - For chunk 1/1, generation 12/30 and length of current population 151 .
2026-02-25 16:48:12,789 [INFO] - For chunk 1/1, generation 13/30 and length of current population 151 .
2026-02-25 16:48:13,066 [INFO] - For chunk 1/1, generation 14/30 and length of current population 151 .
2026-02-25 16:48:13,326 [INFO] - For chunk 1/1, generation 15/30 and length of current population 151 .
2026-02-25 16:48:13,586 [INFO] - For chunk 1/1, generation 16/30 and length of current population 151 .
2026-02-25 16:48:13,900 [INFO] - For chunk 1/1, generation 17/30 and length of current population 151 .
2026-02-25 16:48:14,164 [INFO] - For chunk 1/1, generation 18/30 and length of current population 151 .
2026-02-25 16:48:14,406 [INFO] - For chunk 1/1, generation 19/30 and length of current population 151 .
2026-02-25 16:48:14,661 [INFO] - For chunk 1/1, generation 20/30 and length of current population 151 .
2026-02-25 16:48:14,946 [INFO] - For chunk 1/1, generation 21/30 and length of current population 151 .
2026-02-25 16:48:15,195 [INFO] - For chunk 1/1, generation 22/30 and length of current population 151 .
2026-02-25 16:48:15,447 [INFO] - For chunk 1/1, generation 23/30 and length of current population 151 .
2026-02-25 16:48:15,716 [INFO] - For chunk 1/1, generation 24/30 and length of current population 151 .
2026-02-25 16:48:15,960 [INFO] - For chunk 1/1, generation 25/30 and length of current population 151 .
2026-02-25 16:48:16,256 [INFO] - For chunk 1/1, generation 26/30 and length of current population 151 .
2026-02-25 16:48:16,532 [INFO] - For chunk 1/1, generation 27/30 and length of current population 151 .
2026-02-25 16:48:16,786 [INFO] - For chunk 1/1, generation 28/30 and length of current population 151 .
2026-02-25 16:48:17,047 [INFO] - For chunk 1/1, generation 29/30 and length of current population 151 .
2026-02-25 16:48:17,306 [INFO] - For chunk 1/1, generation 30/30 and length of current population 151 .
2026-02-25 16:48:17,316 [INFO] - Dataset iteration 12 for depth 3 in high volatility regime.
2026-02-25 16:48:19,449 [INFO] - For chunk 1/1, generation 1/30 and length of current population 151 .
2026-02-25 16:48:20,364 [INFO] - For chunk 1/1, generation 2/30 and length of current population 151 .
2026-02-25 16:48:21,257 [INFO] - For chunk 1/1, generation 3/30 and length of current population 151 .
2026-02-25 16:48:22,101 [INFO] - For chunk 1/1, generation 4/30 and length of current population 151 .
2026-02-25 16:48:22,960 [INFO] - For chunk 1/1, generation 5/30 and length of current population 151 .
2026-02-25 16:48:23,936 [INFO] - For chunk 1/1, generation 6/30 and length of current population 151 .
2026-02-25 16:48:24,828 [INFO] - For chunk 1/1, generation 7/30 and length of current population 151 .
2026-02-25 16:48:26,021 [INFO] - For chunk 1/1, generation 8/30 and length of current population 151 .
2026-02-25 16:48:26,915 [INFO] - For chunk 1/1, generation 9/30 and length of current population 151 .
2026-02-25 16:48:27,821 [INFO] - For chunk 1/1, generation 10/30 and length of current population 151 .
2026-02-25 16:48:28,648 [INFO] - For chunk 1/1, generation 11/30 and length of current population 151 .
2026-02-25 16:48:29,513 [INFO] - For chunk 1/1, generation 12/30 and length of current population 151 .
2026-02-25 16:48:30,309 [INFO] - For chunk 1/1, generation 13/30 and length of current population 151 .
2026-02-25 16:48:31,068 [INFO] - For chunk 1/1, generation 14/30 and length of current population 151 .
2026-02-25 16:48:32,284 [INFO] - For chunk 1/1, generation 15/30 and length of current population 151 .
2026-02-25 16:48:33,033 [INFO] - For chunk 1/1, generation 16/30 and length of current population 151 .
2026-02-25 16:48:33,802 [INFO] - For chunk 1/1, generation 17/30 and length of current population 151 .
2026-02-25 16:48:34,639 [INFO] - For chunk 1/1, generation 18/30 and length of current population 151 .
2026-02-25 16:48:35,425 [INFO] - For chunk 1/1, generation 19/30 and length of current population 151 .
2026-02-25 16:48:36,232 [INFO] - For chunk 1/1, generation 20/30 and length of current population 151 .
2026-02-25 16:48:37,096 [INFO] - For chunk 1/1, generation 21/30 and length of current population 151 .
2026-02-25 16:48:37,893 [INFO] - For chunk 1/1, generation 22/30 and length of current population 151 .
2026-02-25 16:48:39,099 [INFO] - For chunk 1/1, generation 23/30 and length of current population 151 .
2026-02-25 16:48:39,956 [INFO] - For chunk 1/1, generation 24/30 and length of current population 151 .
2026-02-25 16:48:40,814 [INFO] - For chunk 1/1, generation 25/30 and length of current population 151 .
2026-02-25 16:48:41,705 [INFO] - For chunk 1/1, generation 26/30 and length of current population 151 .
2026-02-25 16:48:42,530 [INFO] - For chunk 1/1, generation 27/30 and length of current population 151 .
2026-02-25 16:48:43,486 [INFO] - For chunk 1/1, generation 28/30 and length of current population 151 .
2026-02-25 16:48:44,470 [INFO] - For chunk 1/1, generation 29/30 and length of current population 151 .
2026-02-25 16:48:45,708 [INFO] - For chunk 1/1, generation 30/30 and length of current population 151 .
2026-02-25 16:48:45,725 [INFO] - Dataset iteration 12 for depth 2 in low volatility regime.
2026-02-25 16:48:46,226 [INFO] - For chunk 1/1, generation 1/30 and length of current population 151 .
2026-02-25 16:48:46,611 [INFO] - For chunk 1/1, generation 2/30 and length of current population 151 .
2026-02-25 16:48:46,976 [INFO] - For chunk 1/1, generation 3/30 and length of current population 151 .
2026-02-25 16:48:47,356 [INFO] - For chunk 1/1, generation 4/30 and length of current population 151 .
2026-02-25 16:48:47,710 [INFO] - For chunk 1/1, generation 5/30 and length of current population 151 .
2026-02-25 16:48:48,100 [INFO] - For chunk 1/1, generation 6/30 and length of current population 151 .
2026-02-25 16:48:48,486 [INFO] - For chunk 1/1, generation 7/30 and length of current population 151 .
2026-02-25 16:48:48,848 [INFO] - For chunk 1/1, generation 8/30 and length of current population 151 .
2026-02-25 16:48:49,286 [INFO] - For chunk 1/1, generation 9/30 and length of current population 151 .
2026-02-25 16:48:49,638 [INFO] - For chunk 1/1, generation 10/30 and length of current population 151 .
2026-02-25 16:48:50,026 [INFO] - For chunk 1/1, generation 11/30 and length of current population 151 .
2026-02-25 16:48:50,386 [INFO] - For chunk 1/1, generation 12/30 and length of current population 151 .
2026-02-25 16:48:50,736 [INFO] - For chunk 1/1, generation 13/30 and length of current population 151 .
2026-02-25 16:48:51,090 [INFO] - For chunk 1/1, generation 14/30 and length of current population 151 .
2026-02-25 16:48:51,466 [INFO] - For chunk 1/1, generation 15/30 and length of current population 151 .
2026-02-25 16:48:51,856 [INFO] - For chunk 1/1, generation 16/30 and length of current population 151 .
2026-02-25 16:48:52,228 [INFO] - For chunk 1/1, generation 17/30 and length of current population 151 .
2026-02-25 16:48:52,579 [INFO] - For chunk 1/1, generation 18/30 and length of current population 151 .
2026-02-25 16:48:52,931 [INFO] - For chunk 1/1, generation 19/30 and length of current population 151 .
2026-02-25 16:48:53,276 [INFO] - For chunk 1/1, generation 20/30 and length of current population 151 .
2026-02-25 16:48:53,638 [INFO] - For chunk 1/1, generation 21/30 and length of current population 151 .
2026-02-25 16:48:54,033 [INFO] - For chunk 1/1, generation 22/30 and length of current population 151 .
2026-02-25 16:48:54,396 [INFO] - For chunk 1/1, generation 23/30 and length of current population 151 .
2026-02-25 16:48:54,761 [INFO] - For chunk 1/1, generation 24/30 and length of current population 151 .
2026-02-25 16:48:55,149 [INFO] - For chunk 1/1, generation 25/30 and length of current population 151 .
2026-02-25 16:48:55,518 [INFO] - For chunk 1/1, generation 26/30 and length of current population 151 .
2026-02-25 16:48:55,926 [INFO] - For chunk 1/1, generation 27/30 and length of current population 151 .
2026-02-25 16:48:56,296 [INFO] - For chunk 1/1, generation 28/30 and length of current population 151 .
2026-02-25 16:48:56,735 [INFO] - For chunk 1/1, generation 29/30 and length of current population 151 .
2026-02-25 16:48:57,139 [INFO] - For chunk 1/1, generation 30/30 and length of current population 151 .
2026-02-25 16:48:57,145 [INFO] - Dataset iteration 12 for depth 3 in low volatility regime.
2026-02-25 16:48:58,176 [INFO] - For chunk 1/1, generation 1/30 and length of current population 151 .
2026-02-25 16:48:59,009 [INFO] - For chunk 1/1, generation 2/30 and length of current population 151 .
2026-02-25 16:48:59,856 [INFO] - For chunk 1/1, generation 3/30 and length of current population 151 .
2026-02-25 16:49:00,638 [INFO] - For chunk 1/1, generation 4/30 and length of current population 151 .
2026-02-25 16:49:01,513 [INFO] - For chunk 1/1, generation 5/30 and length of current population 151 .
2026-02-25 16:49:02,408 [INFO] - For chunk 1/1, generation 6/30 and length of current population 151 .
2026-02-25 16:49:03,658 [INFO] - For chunk 1/1, generation 7/30 and length of current population 151 .
2026-02-25 16:49:04,566 [INFO] - For chunk 1/1, generation 8/30 and length of current population 151 .
2026-02-25 16:49:05,396 [INFO] - For chunk 1/1, generation 9/30 and length of current population 151 .
2026-02-25 16:49:06,249 [INFO] - For chunk 1/1, generation 10/30 and length of current population 151 .
2026-02-25 16:49:07,189 [INFO] - For chunk 1/1, generation 11/30 and length of current population 151 .
2026-02-25 16:49:08,036 [INFO] - For chunk 1/1, generation 12/30 and length of current population 151 .
2026-02-25 16:49:08,838 [INFO] - For chunk 1/1, generation 13/30 and length of current population 151 .
2026-02-25 16:49:09,716 [INFO] - For chunk 1/1, generation 14/30 and length of current population 151 .
2026-02-25 16:49:10,546 [INFO] - For chunk 1/1, generation 15/30 and length of current population 151 .
2026-02-25 16:49:11,296 [INFO] - For chunk 1/1, generation 16/30 and length of current population 151 .
2026-02-25 16:49:12,122 [INFO] - For chunk 1/1, generation 17/30 and length of current population 151 .
2026-02-25 16:49:12,888 [INFO] - For chunk 1/1, generation 18/30 and length of current population 151 .
2026-02-25 16:49:13,678 [INFO] - For chunk 1/1, generation 19/30 and length of current population 151 .
2026-02-25 16:49:14,769 [INFO] - For chunk 1/1, generation 20/30 and length of current population 151 .
2026-02-25 16:49:15,451 [INFO] - For chunk 1/1, generation 21/30 and length of current population 151 .
2026-02-25 16:49:16,151 [INFO] - For chunk 1/1, generation 22/30 and length of current population 151 .
2026-02-25 16:49:16,863 [INFO] - For chunk 1/1, generation 23/30 and length of current population 151 .
2026-02-25 16:49:17,486 [INFO] - For chunk 1/1, generation 24/30 and length of current population 151 .
2026-02-25 16:49:18,062 [INFO] - For chunk 1/1, generation 25/30 and length of current population 151 .
2026-02-25 16:49:18,652 [INFO] - For chunk 1/1, generation 26/30 and length of current population 151 .
2026-02-25 16:49:19,306 [INFO] - For chunk 1/1, generation 27/30 and length of current population 151 .
2026-02-25 16:49:19,869 [INFO] - For chunk 1/1, generation 28/30 and length of current population 151 .
2026-02-25 16:49:20,465 [INFO] - For chunk 1/1, generation 29/30 and length of current population 151 .
2026-02-25 16:49:21,049 [INFO] - For chunk 1/1, generation 30/30 and length of current population 151 .
2026-02-25 16:49:57,246 [INFO] - Checkpoint saved successfully to checkpoint.pkl
2026-02-25 16:49:57,251 [INFO] -  Starting Iteration 13 | Train: 1950-2950 | Test: 2950-3450 
2026-02-25 16:49:57,436 [INFO] - Running advanced evolution...
2026-02-25 16:49:57,437 [INFO] - Dataset iteration 13 for depth 2 in high volatility regime.
2026-02-25 16:49:57,716 [INFO] - For chunk 1/1, generation 1/30 and length of current population 151 .
2026-02-25 16:49:57,948 [INFO] - For chunk 1/1, generation 2/30 and length of current population 151 .
2026-02-25 16:49:58,212 [INFO] - For chunk 1/1, generation 3/30 and length of current population 151 .
2026-02-25 16:49:58,428 [INFO] - For chunk 1/1, generation 4/30 and length of current population 151 .
2026-02-25 16:49:58,636 [INFO] - For chunk 1/1, generation 5/30 and length of current population 151 .
2026-02-25 16:49:58,856 [INFO] - For chunk 1/1, generation 6/30 and length of current population 151 .
2026-02-25 16:49:59,139 [INFO] - For chunk 1/1, generation 7/30 and length of current population 151 .
2026-02-25 16:49:59,358 [INFO] - For chunk 1/1, generation 8/30 and length of current population 151 .
2026-02-25 16:49:59,576 [INFO] - For chunk 1/1, generation 9/30 and length of current population 151 .
2026-02-25 16:49:59,786 [INFO] - For chunk 1/1, generation 10/30 and length of current population 151 .
2026-02-25 16:50:00,016 [INFO] - For chunk 1/1, generation 11/30 and length of current population 151 .
2026-02-25 16:50:00,273 [INFO] - For chunk 1/1, generation 12/30 and length of current population 151 .
2026-02-25 16:50:00,493 [INFO] - For chunk 1/1, generation 13/30 and length of current population 151 .
2026-02-25 16:50:00,716 [INFO] - For chunk 1/1, generation 14/30 and length of current population 151 .
2026-02-25 16:50:00,929 [INFO] - For chunk 1/1, generation 15/30 and length of current population 151 .
2026-02-25 16:50:01,146 [INFO] - For chunk 1/1, generation 16/30 and length of current population 151 .
2026-02-25 16:50:01,384 [INFO] - For chunk 1/1, generation 17/30 and length of current population 151 .
2026-02-25 16:50:01,646 [INFO] - For chunk 1/1, generation 18/30 and length of current population 151 .
2026-02-25 16:50:02,899 [INFO] - For chunk 1/1, generation 19/30 and length of current population 151 .
2026-02-25 16:50:03,108 [INFO] - For chunk 1/1, generation 20/30 and length of current population 151 .
2026-02-25 16:50:03,316 [INFO] - For chunk 1/1, generation 21/30 and length of current population 151 .
2026-02-25 16:50:03,526 [INFO] - For chunk 1/1, generation 22/30 and length of current population 151 .
2026-02-25 16:50:03,750 [INFO] - For chunk 1/1, generation 23/30 and length of current population 151 .
2026-02-25 16:50:04,009 [INFO] - For chunk 1/1, generation 24/30 and length of current population 151 .
2026-02-25 16:50:04,262 [INFO] - For chunk 1/1, generation 25/30 and length of current population 151 .
2026-02-25 16:50:04,480 [INFO] - For chunk 1/1, generation 26/30 and length of current population 151 .
2026-02-25 16:50:04,705 [INFO] - For chunk 1/1, generation 27/30 and length of current population 151 .
2026-02-25 16:50:04,921 [INFO] - For chunk 1/1, generation 28/30 and length of current population 151 .
2026-02-25 16:50:05,129 [INFO] - For chunk 1/1, generation 29/30 and length of current population 151 .
2026-02-25 16:50:05,347 [INFO] - For chunk 1/1, generation 30/30 and length of current population 151 .
2026-02-25 16:50:05,356 [INFO] - Dataset iteration 13 for depth 3 in high volatility regime.
2026-02-25 16:50:05,838 [INFO] - Sanitized unary node val 24 -> 5
2026-02-25 16:50:06,081 [INFO] - For chunk 1/1, generation 1/30 and length of current population 151 .
2026-02-25 16:50:06,837 [INFO] - For chunk 1/1, generation 2/30 and length of current population 151 .
2026-02-25 16:50:07,405 [INFO] - For chunk 1/1, generation 3/30 and length of current population 151 .
2026-02-25 16:50:07,856 [INFO] - For chunk 1/1, generation 4/30 and length of current population 151 .
2026-02-25 16:50:08,252 [INFO] - For chunk 1/1, generation 5/30 and length of current population 151 .
2026-02-25 16:50:08,630 [INFO] - For chunk 1/1, generation 6/30 and length of current population 151 .
2026-02-25 16:50:08,992 [INFO] - For chunk 1/1, generation 7/30 and length of current population 151 .
2026-02-25 16:50:09,397 [INFO] - For chunk 1/1, generation 8/30 and length of current population 151 .
2026-02-25 16:50:09,712 [INFO] - For chunk 1/1, generation 9/30 and length of current population 151 .
2026-02-25 16:50:10,011 [INFO] - For chunk 1/1, generation 10/30 and length of current population 151 .
2026-02-25 16:50:10,316 [INFO] - For chunk 1/1, generation 11/30 and length of current population 151 .
2026-02-25 16:50:10,615 [INFO] - For chunk 1/1, generation 12/30 and length of current population 151 .
2026-02-25 16:50:10,915 [INFO] - For chunk 1/1, generation 13/30 and length of current population 151 .
2026-02-25 16:50:11,219 [INFO] - For chunk 1/1, generation 14/30 and length of current population 151 .
2026-02-25 16:50:11,545 [INFO] - For chunk 1/1, generation 15/30 and length of current population 151 .
2026-02-25 16:50:11,933 [INFO] - For chunk 1/1, generation 16/30 and length of current population 151 .
2026-02-25 16:50:12,220 [INFO] - For chunk 1/1, generation 17/30 and length of current population 151 .
2026-02-25 16:50:12,866 [INFO] - For chunk 1/1, generation 18/30 and length of current population 151 .
2026-02-25 16:50:13,146 [INFO] - For chunk 1/1, generation 19/30 and length of current population 151 .
2026-02-25 16:50:13,413 [INFO] - For chunk 1/1, generation 20/30 and length of current population 151 .
2026-02-25 16:50:13,686 [INFO] - For chunk 1/1, generation 21/30 and length of current population 151 .
2026-02-25 16:50:13,966 [INFO] - For chunk 1/1, generation 22/30 and length of current population 151 .
2026-02-25 16:50:14,342 [INFO] - For chunk 1/1, generation 23/30 and length of current population 151 .
2026-02-25 16:50:14,646 [INFO] - For chunk 1/1, generation 24/30 and length of current population 151 .
2026-02-25 16:50:14,946 [INFO] - For chunk 1/1, generation 25/30 and length of current population 151 .
2026-02-25 16:50:15,222 [INFO] - For chunk 1/1, generation 26/30 and length of current population 151 .
2026-02-25 16:50:15,498 [INFO] - For chunk 1/1, generation 27/30 and length of current population 151 .
2026-02-25 16:50:15,776 [INFO] - For chunk 1/1, generation 28/30 and length of current population 151 .
2026-02-25 16:50:16,061 [INFO] - For chunk 1/1, generation 29/30 and length of current population 151 .
2026-02-25 16:50:16,339 [INFO] - For chunk 1/1, generation 30/30 and length of current population 151 .
2026-02-25 16:50:16,350 [INFO] - Dataset iteration 13 for depth 2 in low volatility regime.
2026-02-25 16:50:16,818 [INFO] - For chunk 1/1, generation 1/30 and length of current population 151 .
2026-02-25 16:50:17,108 [INFO] - For chunk 1/1, generation 2/30 and length of current population 151 .
2026-02-25 16:50:17,416 [INFO] - For chunk 1/1, generation 3/30 and length of current population 151 .
2026-02-25 16:50:17,717 [INFO] - For chunk 1/1, generation 4/30 and length of current population 151 .
2026-02-25 16:50:18,027 [INFO] - For chunk 1/1, generation 5/30 and length of current population 151 .
2026-02-25 16:50:18,340 [INFO] - For chunk 1/1, generation 6/30 and length of current population 151 .
2026-02-25 16:50:18,648 [INFO] - For chunk 1/1, generation 7/30 and length of current population 151 .
2026-02-25 16:50:18,938 [INFO] - For chunk 1/1, generation 8/30 and length of current population 151 .
2026-02-25 16:50:19,305 [INFO] - For chunk 1/1, generation 9/30 and length of current population 151 .
2026-02-25 16:50:19,618 [INFO] - For chunk 1/1, generation 10/30 and length of current population 151 .
2026-02-25 16:50:19,921 [INFO] - For chunk 1/1, generation 11/30 and length of current population 151 .
2026-02-25 16:50:20,236 [INFO] - For chunk 1/1, generation 12/30 and length of current population 151 .
2026-02-25 16:50:20,549 [INFO] - For chunk 1/1, generation 13/30 and length of current population 151 .
2026-02-25 16:50:20,857 [INFO] - For chunk 1/1, generation 14/30 and length of current population 151 .
2026-02-25 16:50:21,190 [INFO] - For chunk 1/1, generation 15/30 and length of current population 151 .
2026-02-25 16:50:21,497 [INFO] - For chunk 1/1, generation 16/30 and length of current population 151 .
2026-02-25 16:50:21,842 [INFO] - For chunk 1/1, generation 17/30 and length of current population 151 .
2026-02-25 16:50:22,162 [INFO] - For chunk 1/1, generation 18/30 and length of current population 151 .
2026-02-25 16:50:22,486 [INFO] - For chunk 1/1, generation 19/30 and length of current population 151 .
2026-02-25 16:50:22,771 [INFO] - For chunk 1/1, generation 20/30 and length of current population 151 .
2026-02-25 16:50:23,084 [INFO] - For chunk 1/1, generation 21/30 and length of current population 151 .
2026-02-25 16:50:23,395 [INFO] - For chunk 1/1, generation 22/30 and length of current population 151 .
2026-02-25 16:50:23,696 [INFO] - For chunk 1/1, generation 23/30 and length of current population 151 .
2026-02-25 16:50:24,005 [INFO] - For chunk 1/1, generation 24/30 and length of current population 151 .
2026-02-25 16:50:24,388 [INFO] - For chunk 1/1, generation 25/30 and length of current population 151 .
2026-02-25 16:50:24,688 [INFO] - For chunk 1/1, generation 26/30 and length of current population 151 .
2026-02-25 16:50:24,998 [INFO] - For chunk 1/1, generation 27/30 and length of current population 151 .
2026-02-25 16:50:25,306 [INFO] - For chunk 1/1, generation 28/30 and length of current population 151 .
2026-02-25 16:50:25,612 [INFO] - For chunk 1/1, generation 29/30 and length of current population 151 .
2026-02-25 16:50:25,925 [INFO] - For chunk 1/1, generation 30/30 and length of current population 151 .
2026-02-25 16:50:25,936 [INFO] - Dataset iteration 13 for depth 3 in low volatility regime.
2026-02-25 16:50:26,980 [INFO] - For chunk 1/1, generation 1/30 and length of current population 151 .
2026-02-25 16:50:27,466 [INFO] - For chunk 1/1, generation 2/30 and length of current population 151 .
2026-02-25 16:50:27,911 [INFO] - For chunk 1/1, generation 3/30 and length of current population 151 .
2026-02-25 16:50:28,379 [INFO] - For chunk 1/1, generation 4/30 and length of current population 151 .
2026-02-25 16:50:28,855 [INFO] - For chunk 1/1, generation 5/30 and length of current population 151 .
2026-02-25 16:50:29,413 [INFO] - For chunk 1/1, generation 6/30 and length of current population 151 .
2026-02-25 16:50:29,894 [INFO] - For chunk 1/1, generation 7/30 and length of current population 151 .
2026-02-25 16:50:30,376 [INFO] - For chunk 1/1, generation 8/30 and length of current population 151 .
2026-02-25 16:50:30,879 [INFO] - For chunk 1/1, generation 9/30 and length of current population 151 .
2026-02-25 16:50:31,369 [INFO] - For chunk 1/1, generation 10/30 and length of current population 151 .
2026-02-25 16:50:31,916 [INFO] - For chunk 1/1, generation 11/30 and length of current population 151 .
2026-02-25 16:50:32,436 [INFO] - For chunk 1/1, generation 12/30 and length of current population 151 .
2026-02-25 16:50:32,946 [INFO] - For chunk 1/1, generation 13/30 and length of current population 151 .
2026-02-25 16:50:33,436 [INFO] - For chunk 1/1, generation 14/30 and length of current population 151 .
2026-02-25 16:50:33,935 [INFO] - For chunk 1/1, generation 15/30 and length of current population 151 .
2026-02-25 16:50:34,497 [INFO] - For chunk 1/1, generation 16/30 and length of current population 151 .
2026-02-25 16:50:35,025 [INFO] - For chunk 1/1, generation 17/30 and length of current population 151 .
2026-02-25 16:50:35,596 [INFO] - For chunk 1/1, generation 18/30 and length of current population 151 .
2026-02-25 16:50:36,576 [INFO] - For chunk 1/1, generation 19/30 and length of current population 151 .
2026-02-25 16:50:37,316 [INFO] - For chunk 1/1, generation 20/30 and length of current population 151 .
2026-02-25 16:50:38,058 [INFO] - For chunk 1/1, generation 21/30 and length of current population 151 .
2026-02-25 16:50:38,757 [INFO] - For chunk 1/1, generation 22/30 and length of current population 151 .
2026-02-25 16:50:39,508 [INFO] - For chunk 1/1, generation 23/30 and length of current population 151 .
2026-02-25 16:50:40,280 [INFO] - For chunk 1/1, generation 24/30 and length of current population 151 .
2026-02-25 16:50:40,975 [INFO] - For chunk 1/1, generation 25/30 and length of current population 151 .
2026-02-25 16:50:41,737 [INFO] - For chunk 1/1, generation 26/30 and length of current population 151 .
2026-02-25 16:50:42,466 [INFO] - For chunk 1/1, generation 27/30 and length of current population 151 .
2026-02-25 16:50:43,206 [INFO] - For chunk 1/1, generation 28/30 and length of current population 151 .
2026-02-25 16:50:44,342 [INFO] - For chunk 1/1, generation 29/30 and length of current population 151 .
2026-02-25 16:50:45,086 [INFO] - For chunk 1/1, generation 30/30 and length of current population 151 .
2026-02-25 16:51:03,107 [INFO] - Checkpoint saved successfully to checkpoint.pkl
2026-02-25 16:51:03,107 [INFO] -  Starting Iteration 14 | Train: 2100-3100 | Test: 3100-3600 
2026-02-25 16:51:03,159 [INFO] - Running advanced evolution...
2026-02-25 16:51:03,159 [INFO] - Dataset iteration 14 for depth 2 in high volatility regime.
2026-02-25 16:51:03,281 [INFO] - For chunk 1/1, generation 1/30 and length of current population 151 .
2026-02-25 16:51:03,375 [INFO] - For chunk 1/1, generation 2/30 and length of current population 151 .
2026-02-25 16:51:03,475 [INFO] - For chunk 1/1, generation 3/30 and length of current population 151 .
2026-02-25 16:51:03,586 [INFO] - For chunk 1/1, generation 4/30 and length of current population 151 .
2026-02-25 16:51:03,680 [INFO] - For chunk 1/1, generation 5/30 and length of current population 151 .
2026-02-25 16:51:03,780 [INFO] - For chunk 1/1, generation 6/30 and length of current population 151 .
2026-02-25 16:51:03,876 [INFO] - For chunk 1/1, generation 7/30 and length of current population 151 .
2026-02-25 16:51:03,955 [INFO] - For chunk 1/1, generation 8/30 and length of current population 151 .
2026-02-25 16:51:04,047 [INFO] - For chunk 1/1, generation 9/30 and length of current population 151 .
2026-02-25 16:51:04,150 [INFO] - For chunk 1/1, generation 10/30 and length of current population 151 .
2026-02-25 16:51:04,253 [INFO] - For chunk 1/1, generation 11/30 and length of current population 151 .
2026-02-25 16:51:04,350 [INFO] - For chunk 1/1, generation 12/30 and length of current population 151 .
2026-02-25 16:51:04,451 [INFO] - For chunk 1/1, generation 13/30 and length of current population 151 .
2026-02-25 16:51:04,559 [INFO] - For chunk 1/1, generation 14/30 and length of current population 151 .
2026-02-25 16:51:04,662 [INFO] - For chunk 1/1, generation 15/30 and length of current population 151 .
2026-02-25 16:51:04,769 [INFO] - For chunk 1/1, generation 16/30 and length of current population 151 .
2026-02-25 16:51:04,879 [INFO] - For chunk 1/1, generation 17/30 and length of current population 151 .
2026-02-25 16:51:05,029 [INFO] - For chunk 1/1, generation 18/30 and length of current population 151 .
2026-02-25 16:51:05,160 [INFO] - For chunk 1/1, generation 19/30 and length of current population 151 .
2026-02-25 16:51:05,246 [INFO] - For chunk 1/1, generation 20/30 and length of current population 151 .
2026-02-25 16:51:05,342 [INFO] - For chunk 1/1, generation 21/30 and length of current population 151 .
2026-02-25 16:51:05,435 [INFO] - For chunk 1/1, generation 22/30 and length of current population 151 .
2026-02-25 16:51:05,521 [INFO] - For chunk 1/1, generation 23/30 and length of current population 151 .
2026-02-25 16:51:05,615 [INFO] - For chunk 1/1, generation 24/30 and length of current population 151 .
2026-02-25 16:51:05,706 [INFO] - For chunk 1/1, generation 25/30 and length of current population 151 .
2026-02-25 16:51:05,807 [INFO] - For chunk 1/1, generation 26/30 and length of current population 151 .
2026-02-25 16:51:05,915 [INFO] - For chunk 1/1, generation 27/30 and length of current population 151 .
2026-02-25 16:51:06,008 [INFO] - For chunk 1/1, generation 28/30 and length of current population 151 .
2026-02-25 16:51:06,106 [INFO] - For chunk 1/1, generation 29/30 and length of current population 151 .
2026-02-25 16:51:06,365 [INFO] - For chunk 1/1, generation 30/30 and length of current population 151 .
2026-02-25 16:51:06,367 [INFO] - Dataset iteration 14 for depth 3 in high volatility regime.
2026-02-25 16:51:06,515 [INFO] - For chunk 1/1, generation 1/30 and length of current population 151 .
2026-02-25 16:51:06,630 [INFO] - For chunk 1/1, generation 2/30 and length of current population 151 .
2026-02-25 16:51:06,753 [INFO] - For chunk 1/1, generation 3/30 and length of current population 151 .
2026-02-25 16:51:06,870 [INFO] - For chunk 1/1, generation 4/30 and length of current population 151 .
2026-02-25 16:51:07,005 [INFO] - For chunk 1/1, generation 5/30 and length of current population 151 .
2026-02-25 16:51:07,135 [INFO] - For chunk 1/1, generation 6/30 and length of current population 151 .
2026-02-25 16:51:07,245 [INFO] - For chunk 1/1, generation 7/30 and length of current population 151 .
2026-02-25 16:51:07,370 [INFO] - For chunk 1/1, generation 8/30 and length of current population 151 .
2026-02-25 16:51:07,488 [INFO] - For chunk 1/1, generation 9/30 and length of current population 151 .
2026-02-25 16:51:07,620 [INFO] - For chunk 1/1, generation 10/30 and length of current population 151 .
2026-02-25 16:51:07,736 [INFO] - For chunk 1/1, generation 11/30 and length of current population 151 .
2026-02-25 16:51:07,883 [INFO] - For chunk 1/1, generation 12/30 and length of current population 151 .
2026-02-25 16:51:07,993 [INFO] - For chunk 1/1, generation 13/30 and length of current population 151 .
2026-02-25 16:51:08,754 [INFO] - For chunk 1/1, generation 14/30 and length of current population 151 .
2026-02-25 16:51:08,857 [INFO] - For chunk 1/1, generation 15/30 and length of current population 151 .
2026-02-25 16:51:08,971 [INFO] - For chunk 1/1, generation 16/30 and length of current population 151 .
2026-02-25 16:51:09,108 [INFO] - For chunk 1/1, generation 17/30 and length of current population 151 .
2026-02-25 16:51:09,217 [INFO] - For chunk 1/1, generation 18/30 and length of current population 151 .
2026-02-25 16:51:09,321 [INFO] - For chunk 1/1, generation 19/30 and length of current population 151 .
2026-02-25 16:51:09,451 [INFO] - For chunk 1/1, generation 20/30 and length of current population 151 .
2026-02-25 16:51:09,589 [INFO] - For chunk 1/1, generation 21/30 and length of current population 151 .
2026-02-25 16:51:09,713 [INFO] - For chunk 1/1, generation 22/30 and length of current population 151 .
2026-02-25 16:51:09,815 [INFO] - For chunk 1/1, generation 23/30 and length of current population 151 .
2026-02-25 16:51:09,915 [INFO] - For chunk 1/1, generation 24/30 and length of current population 151 .
2026-02-25 16:51:10,055 [INFO] - For chunk 1/1, generation 25/30 and length of current population 151 .
2026-02-25 16:51:10,170 [INFO] - For chunk 1/1, generation 26/30 and length of current population 151 .
2026-02-25 16:51:10,291 [INFO] - For chunk 1/1, generation 27/30 and length of current population 151 .
2026-02-25 16:51:10,405 [INFO] - For chunk 1/1, generation 28/30 and length of current population 151 .
2026-02-25 16:51:10,512 [INFO] - For chunk 1/1, generation 29/30 and length of current population 151 .
2026-02-25 16:51:10,625 [INFO] - For chunk 1/1, generation 30/30 and length of current population 151 .
2026-02-25 16:51:10,634 [INFO] - Dataset iteration 14 for depth 2 in low volatility regime.
2026-02-25 16:51:10,770 [INFO] - For chunk 1/1, generation 1/30 and length of current population 151 .
2026-02-25 16:51:10,875 [INFO] - For chunk 1/1, generation 2/30 and length of current population 151 .
2026-02-25 16:51:10,985 [INFO] - For chunk 1/1, generation 3/30 and length of current population 151 .
2026-02-25 16:51:11,103 [INFO] - For chunk 1/1, generation 4/30 and length of current population 151 .
2026-02-25 16:51:11,349 [INFO] - For chunk 1/1, generation 5/30 and length of current population 151 .
2026-02-25 16:51:11,680 [INFO] - For chunk 1/1, generation 6/30 and length of current population 151 .
2026-02-25 16:51:11,980 [INFO] - For chunk 1/1, generation 7/30 and length of current population 151 .
2026-02-25 16:51:12,296 [INFO] - For chunk 1/1, generation 8/30 and length of current population 151 .
2026-02-25 16:51:12,605 [INFO] - For chunk 1/1, generation 9/30 and length of current population 151 .
2026-02-25 16:51:12,928 [INFO] - For chunk 1/1, generation 10/30 and length of current population 151 .
2026-02-25 16:51:13,260 [INFO] - For chunk 1/1, generation 11/30 and length of current population 151 .
2026-02-25 16:51:13,576 [INFO] - For chunk 1/1, generation 12/30 and length of current population 151 .
2026-02-25 16:51:13,867 [INFO] - For chunk 1/1, generation 13/30 and length of current population 151 .
2026-02-25 16:51:14,180 [INFO] - For chunk 1/1, generation 14/30 and length of current population 151 .
2026-02-25 16:51:14,502 [INFO] - For chunk 1/1, generation 15/30 and length of current population 151 .
2026-02-25 16:51:14,838 [INFO] - For chunk 1/1, generation 16/30 and length of current population 151 .
2026-02-25 16:51:15,147 [INFO] - For chunk 1/1, generation 17/30 and length of current population 151 .
2026-02-25 16:51:15,525 [INFO] - For chunk 1/1, generation 18/30 and length of current population 151 .
2026-02-25 16:51:15,838 [INFO] - For chunk 1/1, generation 19/30 and length of current population 151 .
2026-02-25 16:51:16,149 [INFO] - For chunk 1/1, generation 20/30 and length of current population 151 .
2026-02-25 16:51:16,481 [INFO] - For chunk 1/1, generation 21/30 and length of current population 151 .
2026-02-25 16:51:16,785 [INFO] - For chunk 1/1, generation 22/30 and length of current population 151 .
2026-02-25 16:51:17,095 [INFO] - For chunk 1/1, generation 23/30 and length of current population 151 .
2026-02-25 16:51:17,428 [INFO] - For chunk 1/1, generation 24/30 and length of current population 151 .
2026-02-25 16:51:17,736 [INFO] - For chunk 1/1, generation 25/30 and length of current population 151 .
2026-02-25 16:51:18,122 [INFO] - For chunk 1/1, generation 26/30 and length of current population 151 .
2026-02-25 16:51:18,440 [INFO] - For chunk 1/1, generation 27/30 and length of current population 151 .
2026-02-25 16:51:18,740 [INFO] - For chunk 1/1, generation 28/30 and length of current population 151 .
2026-02-25 16:51:19,058 [INFO] - For chunk 1/1, generation 29/30 and length of current population 151 .
2026-02-25 16:51:19,358 [INFO] - For chunk 1/1, generation 30/30 and length of current population 151 .
2026-02-25 16:51:19,366 [INFO] - Dataset iteration 14 for depth 3 in low volatility regime.
2026-02-25 16:51:20,677 [INFO] - For chunk 1/1, generation 1/30 and length of current population 151 .
2026-02-25 16:51:21,249 [INFO] - For chunk 1/1, generation 2/30 and length of current population 151 .
2026-02-25 16:51:21,870 [INFO] - For chunk 1/1, generation 3/30 and length of current population 151 .
2026-02-25 16:51:22,457 [INFO] - For chunk 1/1, generation 4/30 and length of current population 151 .
2026-02-25 16:51:23,065 [INFO] - For chunk 1/1, generation 5/30 and length of current population 151 .
2026-02-25 16:51:23,635 [INFO] - For chunk 1/1, generation 6/30 and length of current population 151 .
2026-02-25 16:51:24,168 [INFO] - For chunk 1/1, generation 7/30 and length of current population 151 .
2026-02-25 16:51:24,720 [INFO] - For chunk 1/1, generation 8/30 and length of current population 151 .
2026-02-25 16:51:25,265 [INFO] - For chunk 1/1, generation 9/30 and length of current population 151 .
2026-02-25 16:51:25,895 [INFO] - For chunk 1/1, generation 10/30 and length of current population 151 .
2026-02-25 16:51:26,484 [INFO] - For chunk 1/1, generation 11/30 and length of current population 151 .
2026-02-25 16:51:27,183 [INFO] - For chunk 1/1, generation 12/30 and length of current population 151 .
2026-02-25 16:51:27,858 [INFO] - For chunk 1/1, generation 13/30 and length of current population 151 .
2026-02-25 16:51:28,519 [INFO] - For chunk 1/1, generation 14/30 and length of current population 151 .
2026-02-25 16:51:29,459 [INFO] - For chunk 1/1, generation 15/30 and length of current population 151 .
2026-02-25 16:51:30,070 [INFO] - For chunk 1/1, generation 16/30 and length of current population 151 .
2026-02-25 16:51:30,691 [INFO] - For chunk 1/1, generation 17/30 and length of current population 151 .
2026-02-25 16:51:31,219 [INFO] - For chunk 1/1, generation 18/30 and length of current population 151 .
2026-02-25 16:51:31,707 [INFO] - For chunk 1/1, generation 19/30 and length of current population 151 .
2026-02-25 16:51:32,157 [INFO] - For chunk 1/1, generation 20/30 and length of current population 151 .
2026-02-25 16:51:32,649 [INFO] - For chunk 1/1, generation 21/30 and length of current population 151 .
2026-02-25 16:51:33,205 [INFO] - For chunk 1/1, generation 22/30 and length of current population 151 .
2026-02-25 16:51:33,706 [INFO] - For chunk 1/1, generation 23/30 and length of current population 151 .
2026-02-25 16:51:34,175 [INFO] - For chunk 1/1, generation 24/30 and length of current population 151 .
2026-02-25 16:51:34,639 [INFO] - For chunk 1/1, generation 25/30 and length of current population 151 .
2026-02-25 16:51:35,065 [INFO] - For chunk 1/1, generation 26/30 and length of current population 151 .
2026-02-25 16:51:35,535 [INFO] - For chunk 1/1, generation 27/30 and length of current population 151 .
2026-02-25 16:51:35,967 [INFO] - For chunk 1/1, generation 28/30 and length of current population 151 .
2026-02-25 16:51:36,392 [INFO] - For chunk 1/1, generation 29/30 and length of current population 151 .
2026-02-25 16:51:36,821 [INFO] - For chunk 1/1, generation 30/30 and length of current population 151 .
2026-02-25 16:52:14,976 [INFO] - Checkpoint saved successfully to checkpoint.pkl
2026-02-25 16:52:14,976 [INFO] -  Starting Iteration 15 | Train: 2250-3250 | Test: 3250-3750 
2026-02-25 16:52:15,159 [INFO] - Running advanced evolution...
2026-02-25 16:52:15,165 [INFO] - Dataset iteration 15 for depth 2 in high volatility regime.
2026-02-25 16:52:15,521 [INFO] - For chunk 1/1, generation 1/30 and length of current population 151 .
2026-02-25 16:52:15,750 [INFO] - For chunk 1/1, generation 2/30 and length of current population 151 .
2026-02-25 16:52:15,965 [INFO] - For chunk 1/1, generation 3/30 and length of current population 151 .
2026-02-25 16:52:16,180 [INFO] - For chunk 1/1, generation 4/30 and length of current population 151 .
2026-02-25 16:52:16,395 [INFO] - For chunk 1/1, generation 5/30 and length of current population 151 .
2026-02-25 16:52:16,630 [INFO] - For chunk 1/1, generation 6/30 and length of current population 151 .
2026-02-25 16:52:16,841 [INFO] - For chunk 1/1, generation 7/30 and length of current population 151 .
2026-02-25 16:52:17,057 [INFO] - For chunk 1/1, generation 8/30 and length of current population 151 .
2026-02-25 16:52:17,275 [INFO] - For chunk 1/1, generation 9/30 and length of current population 151 .
2026-02-25 16:52:17,491 [INFO] - For chunk 1/1, generation 10/30 and length of current population 151 .
2026-02-25 16:52:17,715 [INFO] - For chunk 1/1, generation 11/30 and length of current population 151 .
2026-02-25 16:52:18,007 [INFO] - For chunk 1/1, generation 12/30 and length of current population 151 .
2026-02-25 16:52:18,245 [INFO] - For chunk 1/1, generation 13/30 and length of current population 151 .
2026-02-25 16:52:18,475 [INFO] - For chunk 1/1, generation 14/30 and length of current population 151 .
2026-02-25 16:52:18,690 [INFO] - For chunk 1/1, generation 15/30 and length of current population 151 .
2026-02-25 16:52:18,907 [INFO] - For chunk 1/1, generation 16/30 and length of current population 151 .
2026-02-25 16:52:19,125 [INFO] - For chunk 1/1, generation 17/30 and length of current population 151 .
2026-02-25 16:52:20,325 [INFO] - For chunk 1/1, generation 18/30 and length of current population 151 .
2026-02-25 16:52:20,586 [INFO] - For chunk 1/1, generation 19/30 and length of current population 151 .
2026-02-25 16:52:20,810 [INFO] - For chunk 1/1, generation 20/30 and length of current population 151 .
2026-02-25 16:52:21,035 [INFO] - For chunk 1/1, generation 21/30 and length of current population 151 .
2026-02-25 16:52:21,250 [INFO] - For chunk 1/1, generation 22/30 and length of current population 151 .
2026-02-25 16:52:21,465 [INFO] - For chunk 1/1, generation 23/30 and length of current population 151 .
2026-02-25 16:52:21,680 [INFO] - For chunk 1/1, generation 24/30 and length of current population 151 .
2026-02-25 16:52:21,906 [INFO] - For chunk 1/1, generation 25/30 and length of current population 151 .
2026-02-25 16:52:22,117 [INFO] - For chunk 1/1, generation 26/30 and length of current population 151 .
2026-02-25 16:52:22,339 [INFO] - For chunk 1/1, generation 27/30 and length of current population 151 .
2026-02-25 16:52:22,559 [INFO] - For chunk 1/1, generation 28/30 and length of current population 151 .
2026-02-25 16:52:22,772 [INFO] - For chunk 1/1, generation 29/30 and length of current population 151 .
2026-02-25 16:52:23,050 [INFO] - For chunk 1/1, generation 30/30 and length of current population 151 .
2026-02-25 16:52:23,059 [INFO] - Dataset iteration 15 for depth 3 in high volatility regime.
2026-02-25 16:52:23,421 [INFO] - For chunk 1/1, generation 1/30 and length of current population 151 .
2026-02-25 16:52:23,705 [INFO] - For chunk 1/1, generation 2/30 and length of current population 151 .
2026-02-25 16:52:24,005 [INFO] - For chunk 1/1, generation 3/30 and length of current population 151 .
2026-02-25 16:52:24,258 [INFO] - For chunk 1/1, generation 4/30 and length of current population 151 .
2026-02-25 16:52:24,515 [INFO] - For chunk 1/1, generation 5/30 and length of current population 151 .
2026-02-25 16:52:24,780 [INFO] - For chunk 1/1, generation 6/30 and length of current population 151 .
2026-02-25 16:52:25,055 [INFO] - For chunk 1/1, generation 7/30 and length of current population 151 .
2026-02-25 16:52:25,305 [INFO] - For chunk 1/1, generation 8/30 and length of current population 151 .
2026-02-25 16:52:25,615 [INFO] - For chunk 1/1, generation 9/30 and length of current population 151 .
2026-02-25 16:52:25,699 [INFO] - Sanitized unary node val 24 -> 5
2026-02-25 16:52:25,910 [INFO] - For chunk 1/1, generation 10/30 and length of current population 151 .
2026-02-25 16:52:26,190 [INFO] - For chunk 1/1, generation 11/30 and length of current population 151 .
2026-02-25 16:52:26,470 [INFO] - For chunk 1/1, generation 12/30 and length of current population 151 .
2026-02-25 16:52:26,737 [INFO] - For chunk 1/1, generation 13/30 and length of current population 151 .
2026-02-25 16:52:27,025 [INFO] - For chunk 1/1, generation 14/30 and length of current population 151 .
2026-02-25 16:52:27,305 [INFO] - For chunk 1/1, generation 15/30 and length of current population 151 .
2026-02-25 16:52:27,566 [INFO] - For chunk 1/1, generation 16/30 and length of current population 151 .
2026-02-25 16:52:27,825 [INFO] - For chunk 1/1, generation 17/30 and length of current population 151 .
2026-02-25 16:52:28,190 [INFO] - For chunk 1/1, generation 18/30 and length of current population 151 .
2026-02-25 16:52:28,455 [INFO] - For chunk 1/1, generation 19/30 and length of current population 151 .
2026-02-25 16:52:28,725 [INFO] - For chunk 1/1, generation 20/30 and length of current population 151 .
2026-02-25 16:52:28,987 [INFO] - For chunk 1/1, generation 21/30 and length of current population 151 .
2026-02-25 16:52:29,245 [INFO] - For chunk 1/1, generation 22/30 and length of current population 151 .
2026-02-25 16:52:29,502 [INFO] - For chunk 1/1, generation 23/30 and length of current population 151 .
2026-02-25 16:52:29,762 [INFO] - For chunk 1/1, generation 24/30 and length of current population 151 .
2026-02-25 16:52:30,021 [INFO] - For chunk 1/1, generation 25/30 and length of current population 151 .
2026-02-25 16:52:30,281 [INFO] - For chunk 1/1, generation 26/30 and length of current population 151 .
2026-02-25 16:52:30,588 [INFO] - For chunk 1/1, generation 27/30 and length of current population 151 .
2026-02-25 16:52:31,225 [INFO] - For chunk 1/1, generation 28/30 and length of current population 151 .
2026-02-25 16:52:31,468 [INFO] - For chunk 1/1, generation 29/30 and length of current population 151 .
2026-02-25 16:52:31,725 [INFO] - For chunk 1/1, generation 30/30 and length of current population 151 .
2026-02-25 16:52:31,730 [INFO] - Dataset iteration 15 for depth 2 in low volatility regime.
2026-02-25 16:52:32,086 [INFO] - For chunk 1/1, generation 1/30 and length of current population 151 .
2026-02-25 16:52:32,335 [INFO] - For chunk 1/1, generation 2/30 and length of current population 151 .
2026-02-25 16:52:32,578 [INFO] - For chunk 1/1, generation 3/30 and length of current population 151 .
2026-02-25 16:52:32,825 [INFO] - For chunk 1/1, generation 4/30 and length of current population 151 .
2026-02-25 16:52:33,167 [INFO] - For chunk 1/1, generation 5/30 and length of current population 151 .
2026-02-25 16:52:33,425 [INFO] - For chunk 1/1, generation 6/30 and length of current population 151 .
2026-02-25 16:52:33,692 [INFO] - For chunk 1/1, generation 7/30 and length of current population 151 .
2026-02-25 16:52:33,936 [INFO] - For chunk 1/1, generation 8/30 and length of current population 151 .
2026-02-25 16:52:34,189 [INFO] - For chunk 1/1, generation 9/30 and length of current population 151 .
2026-02-25 16:52:34,455 [INFO] - For chunk 1/1, generation 10/30 and length of current population 151 .
2026-02-25 16:52:34,722 [INFO] - For chunk 1/1, generation 11/30 and length of current population 151 .
2026-02-25 16:52:34,975 [INFO] - For chunk 1/1, generation 12/30 and length of current population 151 .
2026-02-25 16:52:35,235 [INFO] - For chunk 1/1, generation 13/30 and length of current population 151 .
2026-02-25 16:52:35,567 [INFO] - For chunk 1/1, generation 14/30 and length of current population 151 .
2026-02-25 16:52:35,835 [INFO] - For chunk 1/1, generation 15/30 and length of current population 151 .
2026-02-25 16:52:36,105 [INFO] - For chunk 1/1, generation 16/30 and length of current population 151 .
2026-02-25 16:52:36,349 [INFO] - For chunk 1/1, generation 17/30 and length of current population 151 .
2026-02-25 16:52:36,610 [INFO] - For chunk 1/1, generation 18/30 and length of current population 151 .
2026-02-25 16:52:36,869 [INFO] - For chunk 1/1, generation 19/30 and length of current population 151 .
2026-02-25 16:52:37,149 [INFO] - For chunk 1/1, generation 20/30 and length of current population 151 .
2026-02-25 16:52:37,405 [INFO] - For chunk 1/1, generation 21/30 and length of current population 151 .
2026-02-25 16:52:37,677 [INFO] - For chunk 1/1, generation 22/30 and length of current population 151 .
2026-02-25 16:52:38,015 [INFO] - For chunk 1/1, generation 23/30 and length of current population 151 .
2026-02-25 16:52:38,275 [INFO] - For chunk 1/1, generation 24/30 and length of current population 151 .
2026-02-25 16:52:38,545 [INFO] - For chunk 1/1, generation 25/30 and length of current population 151 .
2026-02-25 16:52:38,818 [INFO] - For chunk 1/1, generation 26/30 and length of current population 151 .
2026-02-25 16:52:39,081 [INFO] - For chunk 1/1, generation 27/30 and length of current population 151 .
2026-02-25 16:52:39,367 [INFO] - For chunk 1/1, generation 28/30 and length of current population 151 .
2026-02-25 16:52:39,669 [INFO] - For chunk 1/1, generation 29/30 and length of current population 151 .
2026-02-25 16:52:39,948 [INFO] - For chunk 1/1, generation 30/30 and length of current population 151 .
2026-02-25 16:52:39,955 [INFO] - Dataset iteration 15 for depth 3 in low volatility regime.
2026-02-25 16:52:40,531 [INFO] - For chunk 1/1, generation 1/30 and length of current population 151 .
2026-02-25 16:52:40,919 [INFO] - For chunk 1/1, generation 2/30 and length of current population 151 .
2026-02-25 16:52:41,310 [INFO] - For chunk 1/1, generation 3/30 and length of current population 151 .
2026-02-25 16:52:41,715 [INFO] - For chunk 1/1, generation 4/30 and length of current population 151 .
2026-02-25 16:52:42,135 [INFO] - For chunk 1/1, generation 5/30 and length of current population 151 .
2026-02-25 16:52:42,585 [INFO] - For chunk 1/1, generation 6/30 and length of current population 151 .
2026-02-25 16:52:43,485 [INFO] - For chunk 1/1, generation 7/30 and length of current population 151 .
2026-02-25 16:52:43,915 [INFO] - For chunk 1/1, generation 8/30 and length of current population 151 .
2026-02-25 16:52:44,365 [INFO] - For chunk 1/1, generation 9/30 and length of current population 151 .
2026-02-25 16:52:44,795 [INFO] - For chunk 1/1, generation 10/30 and length of current population 151 .
2026-02-25 16:52:45,212 [INFO] - For chunk 1/1, generation 11/30 and length of current population 151 .
2026-02-25 16:52:45,745 [INFO] - For chunk 1/1, generation 12/30 and length of current population 151 .
2026-02-25 16:52:46,213 [INFO] - For chunk 1/1, generation 13/30 and length of current population 151 .
2026-02-25 16:52:46,618 [INFO] - For chunk 1/1, generation 14/30 and length of current population 151 .
2026-02-25 16:52:47,078 [INFO] - For chunk 1/1, generation 15/30 and length of current population 151 .
2026-02-25 16:52:47,571 [INFO] - For chunk 1/1, generation 16/30 and length of current population 151 .
2026-02-25 16:52:48,134 [INFO] - For chunk 1/1, generation 17/30 and length of current population 151 .
2026-02-25 16:52:48,585 [INFO] - For chunk 1/1, generation 18/30 and length of current population 151 .
2026-02-25 16:52:49,010 [INFO] - For chunk 1/1, generation 19/30 and length of current population 151 .
2026-02-25 16:52:49,477 [INFO] - For chunk 1/1, generation 20/30 and length of current population 151 .
2026-02-25 16:52:49,995 [INFO] - For chunk 1/1, generation 21/30 and length of current population 151 .
2026-02-25 16:52:50,505 [INFO] - For chunk 1/1, generation 22/30 and length of current population 151 .
2026-02-25 16:52:50,962 [INFO] - For chunk 1/1, generation 23/30 and length of current population 151 .
2026-02-25 16:52:51,793 [INFO] - For chunk 1/1, generation 24/30 and length of current population 151 .
2026-02-25 16:52:52,381 [INFO] - For chunk 1/1, generation 25/30 and length of current population 151 .
2026-02-25 16:52:52,991 [INFO] - For chunk 1/1, generation 26/30 and length of current population 151 .
2026-02-25 16:52:53,589 [INFO] - For chunk 1/1, generation 27/30 and length of current population 151 .
2026-02-25 16:52:54,185 [INFO] - For chunk 1/1, generation 28/30 and length of current population 151 .
2026-02-25 16:52:54,795 [INFO] - For chunk 1/1, generation 29/30 and length of current population 151 .
2026-02-25 16:52:55,500 [INFO] - For chunk 1/1, generation 30/30 and length of current population 151 .
2026-02-25 16:53:31,565 [INFO] - Checkpoint saved successfully to checkpoint.pkl
2026-02-25 16:53:31,565 [INFO] -  Starting Iteration 16 | Train: 2400-3400 | Test: 3400-3900 
2026-02-25 16:53:31,735 [INFO] - Running advanced evolution...
2026-02-25 16:53:31,742 [INFO] - Dataset iteration 16 for depth 2 in high volatility regime.
2026-02-25 16:53:32,125 [INFO] - For chunk 1/1, generation 1/30 and length of current population 151 .
2026-02-25 16:53:32,405 [INFO] - For chunk 1/1, generation 2/30 and length of current population 151 .
2026-02-25 16:53:32,745 [INFO] - For chunk 1/1, generation 3/30 and length of current population 151 .
2026-02-25 16:53:33,070 [INFO] - For chunk 1/1, generation 4/30 and length of current population 151 .
2026-02-25 16:53:33,350 [INFO] - For chunk 1/1, generation 5/30 and length of current population 151 .
2026-02-25 16:53:33,635 [INFO] - For chunk 1/1, generation 6/30 and length of current population 151 .
2026-02-25 16:53:33,928 [INFO] - For chunk 1/1, generation 7/30 and length of current population 151 .
2026-02-25 16:53:34,241 [INFO] - For chunk 1/1, generation 8/30 and length of current population 151 .
2026-02-25 16:53:34,545 [INFO] - For chunk 1/1, generation 9/30 and length of current population 151 .
2026-02-25 16:53:34,815 [INFO] - For chunk 1/1, generation 10/30 and length of current population 151 .
2026-02-25 16:53:35,085 [INFO] - For chunk 1/1, generation 11/30 and length of current population 151 .
2026-02-25 16:53:35,441 [INFO] - For chunk 1/1, generation 12/30 and length of current population 151 .
2026-02-25 16:53:35,725 [INFO] - For chunk 1/1, generation 13/30 and length of current population 151 .
2026-02-25 16:53:36,006 [INFO] - For chunk 1/1, generation 14/30 and length of current population 151 .
2026-02-25 16:53:36,275 [INFO] - For chunk 1/1, generation 15/30 and length of current population 151 .
2026-02-25 16:53:36,556 [INFO] - For chunk 1/1, generation 16/30 and length of current population 151 .
2026-02-25 16:53:36,826 [INFO] - For chunk 1/1, generation 17/30 and length of current population 151 .
2026-02-25 16:53:37,107 [INFO] - For chunk 1/1, generation 18/30 and length of current population 151 .
2026-02-25 16:53:37,406 [INFO] - For chunk 1/1, generation 19/30 and length of current population 151 .
2026-02-25 16:53:37,700 [INFO] - For chunk 1/1, generation 20/30 and length of current population 151 .
2026-02-25 16:53:38,006 [INFO] - For chunk 1/1, generation 21/30 and length of current population 151 .
2026-02-25 16:53:38,298 [INFO] - For chunk 1/1, generation 22/30 and length of current population 151 .
2026-02-25 16:53:38,567 [INFO] - For chunk 1/1, generation 23/30 and length of current population 151 .
2026-02-25 16:53:38,855 [INFO] - For chunk 1/1, generation 24/30 and length of current population 151 .
2026-02-25 16:53:39,127 [INFO] - For chunk 1/1, generation 25/30 and length of current population 151 .
2026-02-25 16:53:39,407 [INFO] - For chunk 1/1, generation 26/30 and length of current population 151 .
2026-02-25 16:53:39,725 [INFO] - For chunk 1/1, generation 27/30 and length of current population 151 .
2026-02-25 16:53:41,021 [INFO] - For chunk 1/1, generation 28/30 and length of current population 151 .
2026-02-25 16:53:41,298 [INFO] - For chunk 1/1, generation 29/30 and length of current population 151 .
2026-02-25 16:53:41,580 [INFO] - For chunk 1/1, generation 30/30 and length of current population 151 .
2026-02-25 16:53:41,585 [INFO] - Dataset iteration 16 for depth 3 in high volatility regime.
2026-02-25 16:53:42,015 [INFO] - For chunk 1/1, generation 1/30 and length of current population 151 .
2026-02-25 16:53:42,337 [INFO] - For chunk 1/1, generation 2/30 and length of current population 151 .
2026-02-25 16:53:42,713 [INFO] - For chunk 1/1, generation 3/30 and length of current population 151 .
2026-02-25 16:53:43,075 [INFO] - For chunk 1/1, generation 4/30 and length of current population 151 .
2026-02-25 16:53:43,405 [INFO] - For chunk 1/1, generation 5/30 and length of current population 151 .
2026-02-25 16:53:43,725 [INFO] - For chunk 1/1, generation 6/30 and length of current population 151 .
2026-02-25 16:53:44,070 [INFO] - For chunk 1/1, generation 7/30 and length of current population 151 .
2026-02-25 16:53:44,398 [INFO] - For chunk 1/1, generation 8/30 and length of current population 151 .
2026-02-25 16:53:44,736 [INFO] - For chunk 1/1, generation 9/30 and length of current population 151 .
2026-02-25 16:53:45,075 [INFO] - For chunk 1/1, generation 10/30 and length of current population 151 .
2026-02-25 16:53:45,495 [INFO] - For chunk 1/1, generation 11/30 and length of current population 151 .
2026-02-25 16:53:45,827 [INFO] - For chunk 1/1, generation 12/30 and length of current population 151 .
2026-02-25 16:53:46,175 [INFO] - For chunk 1/1, generation 13/30 and length of current population 151 .
2026-02-25 16:53:46,518 [INFO] - For chunk 1/1, generation 14/30 and length of current population 151 .
2026-02-25 16:53:46,868 [INFO] - For chunk 1/1, generation 15/30 and length of current population 151 .
2026-02-25 16:53:47,218 [INFO] - For chunk 1/1, generation 16/30 and length of current population 151 .
2026-02-25 16:53:47,568 [INFO] - For chunk 1/1, generation 17/30 and length of current population 151 .
2026-02-25 16:53:47,975 [INFO] - For chunk 1/1, generation 18/30 and length of current population 151 .
2026-02-25 16:53:48,325 [INFO] - For chunk 1/1, generation 19/30 and length of current population 151 .
2026-02-25 16:53:48,685 [INFO] - For chunk 1/1, generation 20/30 and length of current population 151 .
2026-02-25 16:53:49,059 [INFO] - For chunk 1/1, generation 21/30 and length of current population 151 .
2026-02-25 16:53:49,455 [INFO] - For chunk 1/1, generation 22/30 and length of current population 151 .
2026-02-25 16:53:49,825 [INFO] - For chunk 1/1, generation 23/30 and length of current population 151 .
2026-02-25 16:53:50,225 [INFO] - For chunk 1/1, generation 24/30 and length of current population 151 .
2026-02-25 16:53:50,597 [INFO] - For chunk 1/1, generation 25/30 and length of current population 151 .
2026-02-25 16:53:50,970 [INFO] - For chunk 1/1, generation 26/30 and length of current population 151 .
2026-02-25 16:53:51,345 [INFO] - For chunk 1/1, generation 27/30 and length of current population 151 .
2026-02-25 16:53:51,718 [INFO] - For chunk 1/1, generation 28/30 and length of current population 151 .
2026-02-25 16:53:52,117 [INFO] - For chunk 1/1, generation 29/30 and length of current population 151 .
2026-02-25 16:53:52,505 [INFO] - For chunk 1/1, generation 30/30 and length of current population 151 .
2026-02-25 16:53:52,515 [INFO] - Dataset iteration 16 for depth 2 in low volatility regime.
2026-02-25 16:53:53,280 [INFO] - For chunk 1/1, generation 1/30 and length of current population 151 .
2026-02-25 16:53:53,525 [INFO] - For chunk 1/1, generation 2/30 and length of current population 151 .
2026-02-25 16:53:53,770 [INFO] - For chunk 1/1, generation 3/30 and length of current population 151 .
2026-02-25 16:53:54,029 [INFO] - For chunk 1/1, generation 4/30 and length of current population 151 .
2026-02-25 16:53:54,299 [INFO] - For chunk 1/1, generation 5/30 and length of current population 151 .
2026-02-25 16:53:54,555 [INFO] - For chunk 1/1, generation 6/30 and length of current population 151 .
2026-02-25 16:53:54,810 [INFO] - For chunk 1/1, generation 7/30 and length of current population 151 .
2026-02-25 16:53:55,091 [INFO] - For chunk 1/1, generation 8/30 and length of current population 151 .
2026-02-25 16:53:55,391 [INFO] - For chunk 1/1, generation 9/30 and length of current population 151 .
2026-02-25 16:53:55,641 [INFO] - For chunk 1/1, generation 10/30 and length of current population 151 .
2026-02-25 16:53:55,898 [INFO] - For chunk 1/1, generation 11/30 and length of current population 151 .
2026-02-25 16:53:56,148 [INFO] - For chunk 1/1, generation 12/30 and length of current population 151 .
2026-02-25 16:53:56,398 [INFO] - For chunk 1/1, generation 13/30 and length of current population 151 .
2026-02-25 16:53:56,651 [INFO] - For chunk 1/1, generation 14/30 and length of current population 151 .
2026-02-25 16:53:56,905 [INFO] - For chunk 1/1, generation 15/30 and length of current population 151 .
2026-02-25 16:53:57,152 [INFO] - For chunk 1/1, generation 16/30 and length of current population 151 .
2026-02-25 16:53:57,397 [INFO] - For chunk 1/1, generation 17/30 and length of current population 151 .
2026-02-25 16:53:57,697 [INFO] - For chunk 1/1, generation 18/30 and length of current population 151 .
2026-02-25 16:53:57,940 [INFO] - For chunk 1/1, generation 19/30 and length of current population 151 .
2026-02-25 16:53:58,185 [INFO] - For chunk 1/1, generation 20/30 and length of current population 151 .
2026-02-25 16:53:58,405 [INFO] - For chunk 1/1, generation 21/30 and length of current population 151 .
2026-02-25 16:53:58,646 [INFO] - For chunk 1/1, generation 22/30 and length of current population 151 .
2026-02-25 16:53:58,880 [INFO] - For chunk 1/1, generation 23/30 and length of current population 151 .
2026-02-25 16:53:59,130 [INFO] - For chunk 1/1, generation 24/30 and length of current population 151 .
2026-02-25 16:53:59,397 [INFO] - For chunk 1/1, generation 25/30 and length of current population 151 .
2026-02-25 16:53:59,685 [INFO] - For chunk 1/1, generation 26/30 and length of current population 151 .
2026-02-25 16:53:59,938 [INFO] - For chunk 1/1, generation 27/30 and length of current population 151 .
2026-02-25 16:54:00,239 [INFO] - For chunk 1/1, generation 28/30 and length of current population 151 .
2026-02-25 16:54:00,489 [INFO] - For chunk 1/1, generation 29/30 and length of current population 151 .
2026-02-25 16:54:00,757 [INFO] - For chunk 1/1, generation 30/30 and length of current population 151 .
2026-02-25 16:54:00,763 [INFO] - Dataset iteration 16 for depth 3 in low volatility regime.
2026-02-25 16:54:01,475 [INFO] - For chunk 1/1, generation 1/30 and length of current population 151 .
2026-02-25 16:54:01,989 [INFO] - For chunk 1/1, generation 2/30 and length of current population 151 .
2026-02-25 16:54:02,575 [INFO] - For chunk 1/1, generation 3/30 and length of current population 151 .
2026-02-25 16:54:03,082 [INFO] - For chunk 1/1, generation 4/30 and length of current population 151 .
2026-02-25 16:54:03,561 [INFO] - For chunk 1/1, generation 5/30 and length of current population 151 .
2026-02-25 16:54:04,407 [INFO] - For chunk 1/1, generation 6/30 and length of current population 151 .
2026-02-25 16:54:04,851 [INFO] - For chunk 1/1, generation 7/30 and length of current population 151 .
2026-02-25 16:54:05,425 [INFO] - For chunk 1/1, generation 8/30 and length of current population 151 .
2026-02-25 16:54:05,910 [INFO] - For chunk 1/1, generation 9/30 and length of current population 151 .
2026-02-25 16:54:06,387 [INFO] - For chunk 1/1, generation 10/30 and length of current population 151 .
2026-02-25 16:54:06,897 [INFO] - For chunk 1/1, generation 11/30 and length of current population 151 .
2026-02-25 16:54:07,469 [INFO] - For chunk 1/1, generation 12/30 and length of current population 151 .
2026-02-25 16:54:08,045 [INFO] - For chunk 1/1, generation 13/30 and length of current population 151 .
2026-02-25 16:54:08,622 [INFO] - For chunk 1/1, generation 14/30 and length of current population 151 .
2026-02-25 16:54:09,135 [INFO] - For chunk 1/1, generation 15/30 and length of current population 151 .
2026-02-25 16:54:09,605 [INFO] - For chunk 1/1, generation 16/30 and length of current population 151 .
2026-02-25 16:54:10,133 [INFO] - For chunk 1/1, generation 17/30 and length of current population 151 .
2026-02-25 16:54:10,695 [INFO] - For chunk 1/1, generation 18/30 and length of current population 151 .
2026-02-25 16:54:11,597 [INFO] - For chunk 1/1, generation 19/30 and length of current population 151 .
2026-02-25 16:54:12,205 [INFO] - For chunk 1/1, generation 20/30 and length of current population 151 .
2026-02-25 16:54:12,759 [INFO] - For chunk 1/1, generation 21/30 and length of current population 151 .
2026-02-25 16:54:13,267 [INFO] - For chunk 1/1, generation 22/30 and length of current population 151 .
2026-02-25 16:54:13,777 [INFO] - For chunk 1/1, generation 23/30 and length of current population 151 .
2026-02-25 16:54:14,285 [INFO] - For chunk 1/1, generation 24/30 and length of current population 151 .
2026-02-25 16:54:14,835 [INFO] - For chunk 1/1, generation 25/30 and length of current population 151 .
2026-02-25 16:54:15,406 [INFO] - For chunk 1/1, generation 26/30 and length of current population 151 .
2026-02-25 16:54:15,923 [INFO] - For chunk 1/1, generation 27/30 and length of current population 151 .
2026-02-25 16:54:16,446 [INFO] - For chunk 1/1, generation 28/30 and length of current population 151 .
2026-02-25 16:54:16,995 [INFO] - For chunk 1/1, generation 29/30 and length of current population 151 .
2026-02-25 16:54:17,576 [INFO] - For chunk 1/1, generation 30/30 and length of current population 151 .
2026-02-25 16:54:53,039 [INFO] - Checkpoint saved successfully to checkpoint.pkl
2026-02-25 16:54:53,040 [INFO] -  Starting Iteration 17 | Train: 2550-3550 | Test: 3550-4050 
2026-02-25 16:54:53,206 [INFO] - Running advanced evolution...
2026-02-25 16:54:53,206 [INFO] - Dataset iteration 17 for depth 2 in high volatility regime.
2026-02-25 16:54:53,495 [INFO] - For chunk 1/1, generation 1/30 and length of current population 151 .
2026-02-25 16:54:53,706 [INFO] - For chunk 1/1, generation 2/30 and length of current population 151 .
2026-02-25 16:54:53,928 [INFO] - For chunk 1/1, generation 3/30 and length of current population 151 .
2026-02-25 16:54:54,134 [INFO] - For chunk 1/1, generation 4/30 and length of current population 151 .
2026-02-25 16:54:54,339 [INFO] - For chunk 1/1, generation 5/30 and length of current population 151 .
2026-02-25 16:54:54,555 [INFO] - For chunk 1/1, generation 6/30 and length of current population 151 .
2026-02-25 16:54:54,795 [INFO] - For chunk 1/1, generation 7/30 and length of current population 151 .
2026-02-25 16:54:55,035 [INFO] - For chunk 1/1, generation 8/30 and length of current population 151 .
2026-02-25 16:54:55,309 [INFO] - For chunk 1/1, generation 9/30 and length of current population 151 .
2026-02-25 16:54:55,539 [INFO] - For chunk 1/1, generation 10/30 and length of current population 151 .
2026-02-25 16:54:55,773 [INFO] - For chunk 1/1, generation 11/30 and length of current population 151 .
2026-02-25 16:54:55,999 [INFO] - For chunk 1/1, generation 12/30 and length of current population 151 .
2026-02-25 16:54:56,228 [INFO] - For chunk 1/1, generation 13/30 and length of current population 151 .
2026-02-25 16:54:56,465 [INFO] - For chunk 1/1, generation 14/30 and length of current population 151 .
2026-02-25 16:54:56,705 [INFO] - For chunk 1/1, generation 15/30 and length of current population 151 .
2026-02-25 16:54:56,939 [INFO] - For chunk 1/1, generation 16/30 and length of current population 151 .
2026-02-25 16:54:57,163 [INFO] - For chunk 1/1, generation 17/30 and length of current population 151 .
2026-02-25 16:54:57,388 [INFO] - For chunk 1/1, generation 18/30 and length of current population 151 .
2026-02-25 16:54:57,638 [INFO] - For chunk 1/1, generation 19/30 and length of current population 151 .
2026-02-25 16:54:57,875 [INFO] - For chunk 1/1, generation 20/30 and length of current population 151 .
2026-02-25 16:54:58,094 [INFO] - For chunk 1/1, generation 21/30 and length of current population 151 .
2026-02-25 16:54:58,321 [INFO] - For chunk 1/1, generation 22/30 and length of current population 151 .
2026-02-25 16:54:58,551 [INFO] - For chunk 1/1, generation 23/30 and length of current population 151 .
2026-02-25 16:54:58,799 [INFO] - For chunk 1/1, generation 24/30 and length of current population 151 .
2026-02-25 16:54:59,058 [INFO] - For chunk 1/1, generation 25/30 and length of current population 151 .
2026-02-25 16:54:59,304 [INFO] - For chunk 1/1, generation 26/30 and length of current population 151 .
2026-02-25 16:54:59,550 [INFO] - For chunk 1/1, generation 27/30 and length of current population 151 .
2026-02-25 16:54:59,805 [INFO] - For chunk 1/1, generation 28/30 and length of current population 151 .
2026-02-25 16:55:00,030 [INFO] - For chunk 1/1, generation 29/30 and length of current population 151 .
2026-02-25 16:55:00,317 [INFO] - For chunk 1/1, generation 30/30 and length of current population 151 .
2026-02-25 16:55:00,327 [INFO] - Dataset iteration 17 for depth 3 in high volatility regime.
2026-02-25 16:55:00,728 [INFO] - For chunk 1/1, generation 1/30 and length of current population 151 .
2026-02-25 16:55:01,017 [INFO] - For chunk 1/1, generation 2/30 and length of current population 151 .
2026-02-25 16:55:01,303 [INFO] - For chunk 1/1, generation 3/30 and length of current population 151 .
2026-02-25 16:55:01,595 [INFO] - For chunk 1/1, generation 4/30 and length of current population 151 .
2026-02-25 16:55:01,902 [INFO] - For chunk 1/1, generation 5/30 and length of current population 151 .
2026-02-25 16:55:02,196 [INFO] - For chunk 1/1, generation 6/30 and length of current population 151 .
2026-02-25 16:55:02,519 [INFO] - For chunk 1/1, generation 7/30 and length of current population 151 .
2026-02-25 16:55:02,927 [INFO] - For chunk 1/1, generation 8/30 and length of current population 151 .
2026-02-25 16:55:03,244 [INFO] - For chunk 1/1, generation 9/30 and length of current population 151 .
2026-02-25 16:55:03,540 [INFO] - For chunk 1/1, generation 10/30 and length of current population 151 .
2026-02-25 16:55:03,818 [INFO] - For chunk 1/1, generation 11/30 and length of current population 151 .
2026-02-25 16:55:04,095 [INFO] - For chunk 1/1, generation 12/30 and length of current population 151 .
2026-02-25 16:55:04,380 [INFO] - For chunk 1/1, generation 13/30 and length of current population 151 .
2026-02-25 16:55:05,451 [INFO] - For chunk 1/1, generation 14/30 and length of current population 151 .
2026-02-25 16:55:05,725 [INFO] - For chunk 1/1, generation 15/30 and length of current population 151 .
2026-02-25 16:55:06,010 [INFO] - For chunk 1/1, generation 16/30 and length of current population 151 .
2026-02-25 16:55:06,295 [INFO] - For chunk 1/1, generation 17/30 and length of current population 151 .
2026-02-25 16:55:06,565 [INFO] - For chunk 1/1, generation 18/30 and length of current population 151 .
2026-02-25 16:55:06,840 [INFO] - For chunk 1/1, generation 19/30 and length of current population 151 .
2026-02-25 16:55:07,132 [INFO] - For chunk 1/1, generation 20/30 and length of current population 151 .
2026-02-25 16:55:07,384 [INFO] - For chunk 1/1, generation 21/30 and length of current population 151 .
2026-02-25 16:55:07,725 [INFO] - For chunk 1/1, generation 22/30 and length of current population 151 .
2026-02-25 16:55:08,026 [INFO] - For chunk 1/1, generation 23/30 and length of current population 151 .
2026-02-25 16:55:08,287 [INFO] - For chunk 1/1, generation 24/30 and length of current population 151 .
2026-02-25 16:55:08,580 [INFO] - For chunk 1/1, generation 25/30 and length of current population 151 .
2026-02-25 16:55:08,865 [INFO] - For chunk 1/1, generation 26/30 and length of current population 151 .
2026-02-25 16:55:09,140 [INFO] - For chunk 1/1, generation 27/30 and length of current population 151 .
2026-02-25 16:55:09,457 [INFO] - For chunk 1/1, generation 28/30 and length of current population 151 .
2026-02-25 16:55:09,755 [INFO] - For chunk 1/1, generation 29/30 and length of current population 151 .
2026-02-25 16:55:10,055 [INFO] - For chunk 1/1, generation 30/30 and length of current population 151 .
2026-02-25 16:55:10,066 [INFO] - Dataset iteration 17 for depth 2 in low volatility regime.
2026-02-25 16:55:10,482 [INFO] - For chunk 1/1, generation 1/30 and length of current population 151 .
2026-02-25 16:55:10,695 [INFO] - For chunk 1/1, generation 2/30 and length of current population 151 .
2026-02-25 16:55:10,910 [INFO] - For chunk 1/1, generation 3/30 and length of current population 151 .
2026-02-25 16:55:11,133 [INFO] - For chunk 1/1, generation 4/30 and length of current population 151 .
2026-02-25 16:55:11,335 [INFO] - For chunk 1/1, generation 5/30 and length of current population 151 .
2026-02-25 16:55:11,546 [INFO] - For chunk 1/1, generation 6/30 and length of current population 151 .
2026-02-25 16:55:11,754 [INFO] - For chunk 1/1, generation 7/30 and length of current population 151 .
2026-02-25 16:55:11,988 [INFO] - For chunk 1/1, generation 8/30 and length of current population 151 .
2026-02-25 16:55:12,218 [INFO] - For chunk 1/1, generation 9/30 and length of current population 151 .
2026-02-25 16:55:12,460 [INFO] - For chunk 1/1, generation 10/30 and length of current population 151 .
2026-02-25 16:55:12,717 [INFO] - For chunk 1/1, generation 11/30 and length of current population 151 .
2026-02-25 16:55:12,967 [INFO] - For chunk 1/1, generation 12/30 and length of current population 151 .
2026-02-25 16:55:13,205 [INFO] - For chunk 1/1, generation 13/30 and length of current population 151 .
2026-02-25 16:55:13,449 [INFO] - For chunk 1/1, generation 14/30 and length of current population 151 .
2026-02-25 16:55:13,687 [INFO] - For chunk 1/1, generation 15/30 and length of current population 151 .
2026-02-25 16:55:13,950 [INFO] - For chunk 1/1, generation 16/30 and length of current population 151 .
2026-02-25 16:55:14,217 [INFO] - For chunk 1/1, generation 17/30 and length of current population 151 .
2026-02-25 16:55:14,480 [INFO] - For chunk 1/1, generation 18/30 and length of current population 151 .
2026-02-25 16:55:14,735 [INFO] - For chunk 1/1, generation 19/30 and length of current population 151 .
2026-02-25 16:55:14,983 [INFO] - For chunk 1/1, generation 20/30 and length of current population 151 .
2026-02-25 16:55:15,260 [INFO] - For chunk 1/1, generation 21/30 and length of current population 151 .
2026-02-25 16:55:15,515 [INFO] - For chunk 1/1, generation 22/30 and length of current population 151 .
2026-02-25 16:55:15,759 [INFO] - For chunk 1/1, generation 23/30 and length of current population 151 .
2026-02-25 16:55:15,997 [INFO] - For chunk 1/1, generation 24/30 and length of current population 151 .
2026-02-25 16:55:16,246 [INFO] - For chunk 1/1, generation 25/30 and length of current population 151 .
2026-02-25 16:55:16,480 [INFO] - For chunk 1/1, generation 26/30 and length of current population 151 .
2026-02-25 16:55:16,705 [INFO] - For chunk 1/1, generation 27/30 and length of current population 151 .
2026-02-25 16:55:16,940 [INFO] - For chunk 1/1, generation 28/30 and length of current population 151 .
2026-02-25 16:55:17,179 [INFO] - For chunk 1/1, generation 29/30 and length of current population 151 .
2026-02-25 16:55:17,406 [INFO] - For chunk 1/1, generation 30/30 and length of current population 151 .
2026-02-25 16:55:17,420 [INFO] - Dataset iteration 17 for depth 3 in low volatility regime.
2026-02-25 16:55:17,842 [INFO] - Sanitized unary node val 10 -> 5
2026-02-25 16:55:18,563 [INFO] - For chunk 1/1, generation 1/30 and length of current population 151 .
2026-02-25 16:55:19,045 [INFO] - For chunk 1/1, generation 2/30 and length of current population 151 .
2026-02-25 16:55:19,595 [INFO] - For chunk 1/1, generation 3/30 and length of current population 151 .
2026-02-25 16:55:20,137 [INFO] - For chunk 1/1, generation 4/30 and length of current population 151 .
2026-02-25 16:55:20,725 [INFO] - For chunk 1/1, generation 5/30 and length of current population 151 .
2026-02-25 16:55:21,215 [INFO] - For chunk 1/1, generation 6/30 and length of current population 151 .
2026-02-25 16:55:21,661 [INFO] - For chunk 1/1, generation 7/30 and length of current population 151 .
2026-02-25 16:55:22,117 [INFO] - For chunk 1/1, generation 8/30 and length of current population 151 .
2026-02-25 16:55:22,518 [INFO] - For chunk 1/1, generation 9/30 and length of current population 151 .
2026-02-25 16:55:23,027 [INFO] - For chunk 1/1, generation 10/30 and length of current population 151 .
2026-02-25 16:55:23,476 [INFO] - For chunk 1/1, generation 11/30 and length of current population 151 .
2026-02-25 16:55:23,910 [INFO] - For chunk 1/1, generation 12/30 and length of current population 151 .
2026-02-25 16:55:24,369 [INFO] - For chunk 1/1, generation 13/30 and length of current population 151 .
2026-02-25 16:55:25,184 [INFO] - For chunk 1/1, generation 14/30 and length of current population 151 .
2026-02-25 16:55:25,670 [INFO] - For chunk 1/1, generation 15/30 and length of current population 151 .
2026-02-25 16:55:26,165 [INFO] - For chunk 1/1, generation 16/30 and length of current population 151 .
2026-02-25 16:55:26,608 [INFO] - For chunk 1/1, generation 17/30 and length of current population 151 .
2026-02-25 16:55:27,014 [INFO] - For chunk 1/1, generation 18/30 and length of current population 151 .
2026-02-25 16:55:27,452 [INFO] - For chunk 1/1, generation 19/30 and length of current population 151 .
2026-02-25 16:55:27,892 [INFO] - For chunk 1/1, generation 20/30 and length of current population 151 .
2026-02-25 16:55:28,308 [INFO] - For chunk 1/1, generation 21/30 and length of current population 151 .
2026-02-25 16:55:28,758 [INFO] - For chunk 1/1, generation 22/30 and length of current population 151 .
2026-02-25 16:55:29,195 [INFO] - For chunk 1/1, generation 23/30 and length of current population 151 .
2026-02-25 16:55:29,624 [INFO] - For chunk 1/1, generation 24/30 and length of current population 151 .
2026-02-25 16:55:30,095 [INFO] - For chunk 1/1, generation 25/30 and length of current population 151 .
2026-02-25 16:55:30,645 [INFO] - For chunk 1/1, generation 26/30 and length of current population 151 .
2026-02-25 16:55:31,057 [INFO] - For chunk 1/1, generation 27/30 and length of current population 151 .
2026-02-25 16:55:31,458 [INFO] - For chunk 1/1, generation 28/30 and length of current population 151 .
2026-02-25 16:55:31,839 [INFO] - For chunk 1/1, generation 29/30 and length of current population 151 .
2026-02-25 16:55:32,256 [INFO] - For chunk 1/1, generation 30/30 and length of current population 151 .
2026-02-25 16:56:12,415 [INFO] - Checkpoint saved successfully to checkpoint.pkl
2026-02-25 16:56:12,415 [INFO] -  Starting Iteration 18 | Train: 2700-3700 | Test: 3700-4200 
2026-02-25 16:56:12,644 [INFO] - Running advanced evolution...
2026-02-25 16:56:12,654 [INFO] - Dataset iteration 18 for depth 2 in high volatility regime.
2026-02-25 16:56:13,088 [INFO] - For chunk 1/1, generation 1/30 and length of current population 151 .
2026-02-25 16:56:13,444 [INFO] - For chunk 1/1, generation 2/30 and length of current population 151 .
2026-02-25 16:56:13,739 [INFO] - For chunk 1/1, generation 3/30 and length of current population 151 .
2026-02-25 16:56:14,054 [INFO] - For chunk 1/1, generation 4/30 and length of current population 151 .
2026-02-25 16:56:14,344 [INFO] - For chunk 1/1, generation 5/30 and length of current population 151 .
2026-02-25 16:56:14,675 [INFO] - For chunk 1/1, generation 6/30 and length of current population 151 .
2026-02-25 16:56:14,968 [INFO] - For chunk 1/1, generation 7/30 and length of current population 151 .
2026-02-25 16:56:15,244 [INFO] - For chunk 1/1, generation 8/30 and length of current population 151 .
2026-02-25 16:56:15,514 [INFO] - For chunk 1/1, generation 9/30 and length of current population 151 .
2026-02-25 16:56:15,863 [INFO] - For chunk 1/1, generation 10/30 and length of current population 151 .
2026-02-25 16:56:16,134 [INFO] - For chunk 1/1, generation 11/30 and length of current population 151 .
2026-02-25 16:56:16,387 [INFO] - For chunk 1/1, generation 12/30 and length of current population 151 .
2026-02-25 16:56:16,658 [INFO] - For chunk 1/1, generation 13/30 and length of current population 151 .
2026-02-25 16:56:16,927 [INFO] - For chunk 1/1, generation 14/30 and length of current population 151 .
2026-02-25 16:56:17,196 [INFO] - For chunk 1/1, generation 15/30 and length of current population 151 .
2026-02-25 16:56:17,504 [INFO] - For chunk 1/1, generation 16/30 and length of current population 151 .
2026-02-25 16:56:17,774 [INFO] - For chunk 1/1, generation 17/30 and length of current population 151 .
2026-02-25 16:56:18,088 [INFO] - For chunk 1/1, generation 18/30 and length of current population 151 .
2026-02-25 16:56:18,453 [INFO] - For chunk 1/1, generation 19/30 and length of current population 151 .
2026-02-25 16:56:18,704 [INFO] - For chunk 1/1, generation 20/30 and length of current population 151 .
2026-02-25 16:56:18,980 [INFO] - For chunk 1/1, generation 21/30 and length of current population 151 .
2026-02-25 16:56:19,258 [INFO] - For chunk 1/1, generation 22/30 and length of current population 151 .
2026-02-25 16:56:19,506 [INFO] - For chunk 1/1, generation 23/30 and length of current population 151 .
2026-02-25 16:56:19,790 [INFO] - For chunk 1/1, generation 24/30 and length of current population 151 .
2026-02-25 16:56:20,058 [INFO] - For chunk 1/1, generation 25/30 and length of current population 151 .
2026-02-25 16:56:20,352 [INFO] - For chunk 1/1, generation 26/30 and length of current population 151 .
2026-02-25 16:56:20,661 [INFO] - For chunk 1/1, generation 27/30 and length of current population 151 .
2026-02-25 16:56:20,994 [INFO] - For chunk 1/1, generation 28/30 and length of current population 151 .
2026-02-25 16:56:21,264 [INFO] - For chunk 1/1, generation 29/30 and length of current population 151 .
2026-02-25 16:56:21,535 [INFO] - For chunk 1/1, generation 30/30 and length of current population 151 .
2026-02-25 16:56:21,547 [INFO] - Dataset iteration 18 for depth 3 in high volatility regime.
2026-02-25 16:56:22,018 [INFO] - For chunk 1/1, generation 1/30 and length of current population 151 .
2026-02-25 16:56:22,395 [INFO] - For chunk 1/1, generation 2/30 and length of current population 151 .
2026-02-25 16:56:22,759 [INFO] - For chunk 1/1, generation 3/30 and length of current population 151 .
2026-02-25 16:56:23,135 [INFO] - For chunk 1/1, generation 4/30 and length of current population 151 .
2026-02-25 16:56:23,536 [INFO] - For chunk 1/1, generation 5/30 and length of current population 151 .
2026-02-25 16:56:23,901 [INFO] - For chunk 1/1, generation 6/30 and length of current population 151 .
2026-02-25 16:56:24,274 [INFO] - For chunk 1/1, generation 7/30 and length of current population 151 .
2026-02-25 16:56:24,639 [INFO] - For chunk 1/1, generation 8/30 and length of current population 151 .
2026-02-25 16:56:25,016 [INFO] - For chunk 1/1, generation 9/30 and length of current population 151 .
2026-02-25 16:56:25,394 [INFO] - For chunk 1/1, generation 10/30 and length of current population 151 .
2026-02-25 16:56:25,824 [INFO] - For chunk 1/1, generation 11/30 and length of current population 151 .
2026-02-25 16:56:26,200 [INFO] - For chunk 1/1, generation 12/30 and length of current population 151 .
2026-02-25 16:56:27,469 [INFO] - For chunk 1/1, generation 13/30 and length of current population 151 .
2026-02-25 16:56:27,826 [INFO] - For chunk 1/1, generation 14/30 and length of current population 151 .
2026-02-25 16:56:28,232 [INFO] - For chunk 1/1, generation 15/30 and length of current population 151 .
2026-02-25 16:56:28,632 [INFO] - For chunk 1/1, generation 16/30 and length of current population 151 .
2026-02-25 16:56:29,015 [INFO] - For chunk 1/1, generation 17/30 and length of current population 151 .
2026-02-25 16:56:29,404 [INFO] - For chunk 1/1, generation 18/30 and length of current population 151 .
2026-02-25 16:56:29,798 [INFO] - For chunk 1/1, generation 19/30 and length of current population 151 .
2026-02-25 16:56:30,188 [INFO] - For chunk 1/1, generation 20/30 and length of current population 151 .
2026-02-25 16:56:30,572 [INFO] - For chunk 1/1, generation 21/30 and length of current population 151 .
2026-02-25 16:56:31,044 [INFO] - For chunk 1/1, generation 22/30 and length of current population 151 .
2026-02-25 16:56:31,447 [INFO] - For chunk 1/1, generation 23/30 and length of current population 151 .
2026-02-25 16:56:31,857 [INFO] - For chunk 1/1, generation 24/30 and length of current population 151 .
2026-02-25 16:56:32,330 [INFO] - For chunk 1/1, generation 25/30 and length of current population 151 .
2026-02-25 16:56:32,764 [INFO] - For chunk 1/1, generation 26/30 and length of current population 151 .
2026-02-25 16:56:33,244 [INFO] - For chunk 1/1, generation 27/30 and length of current population 151 .
2026-02-25 16:56:33,664 [INFO] - For chunk 1/1, generation 28/30 and length of current population 151 .
2026-02-25 16:56:34,089 [INFO] - For chunk 1/1, generation 29/30 and length of current population 151 .
2026-02-25 16:56:34,509 [INFO] - For chunk 1/1, generation 30/30 and length of current population 151 .
2026-02-25 16:56:34,518 [INFO] - Dataset iteration 18 for depth 2 in low volatility regime.
2026-02-25 16:56:34,904 [INFO] - For chunk 1/1, generation 1/30 and length of current population 151 .
2026-02-25 16:56:35,178 [INFO] - For chunk 1/1, generation 2/30 and length of current population 151 .
2026-02-25 16:56:35,459 [INFO] - For chunk 1/1, generation 3/30 and length of current population 151 .
2026-02-25 16:56:35,807 [INFO] - For chunk 1/1, generation 4/30 and length of current population 151 .
2026-02-25 16:56:36,095 [INFO] - For chunk 1/1, generation 5/30 and length of current population 151 .
2026-02-25 16:56:36,384 [INFO] - For chunk 1/1, generation 6/30 and length of current population 151 .
2026-02-25 16:56:36,678 [INFO] - For chunk 1/1, generation 7/30 and length of current population 151 .
2026-02-25 16:56:36,984 [INFO] - For chunk 1/1, generation 8/30 and length of current population 151 .
2026-02-25 16:56:37,284 [INFO] - For chunk 1/1, generation 9/30 and length of current population 151 .
2026-02-25 16:56:37,548 [INFO] - For chunk 1/1, generation 10/30 and length of current population 151 .
2026-02-25 16:56:37,840 [INFO] - For chunk 1/1, generation 11/30 and length of current population 151 .
2026-02-25 16:56:38,184 [INFO] - For chunk 1/1, generation 12/30 and length of current population 151 .
2026-02-25 16:56:38,484 [INFO] - For chunk 1/1, generation 13/30 and length of current population 151 .
2026-02-25 16:56:39,145 [INFO] - For chunk 1/1, generation 14/30 and length of current population 151 .
2026-02-25 16:56:39,448 [INFO] - For chunk 1/1, generation 15/30 and length of current population 151 .
2026-02-25 16:56:39,744 [INFO] - For chunk 1/1, generation 16/30 and length of current population 151 .
2026-02-25 16:56:40,050 [INFO] - For chunk 1/1, generation 17/30 and length of current population 151 .
2026-02-25 16:56:40,334 [INFO] - For chunk 1/1, generation 18/30 and length of current population 151 .
2026-02-25 16:56:40,648 [INFO] - For chunk 1/1, generation 19/30 and length of current population 151 .
2026-02-25 16:56:40,965 [INFO] - For chunk 1/1, generation 20/30 and length of current population 151 .
2026-02-25 16:56:41,263 [INFO] - For chunk 1/1, generation 21/30 and length of current population 151 .
2026-02-25 16:56:41,567 [INFO] - For chunk 1/1, generation 22/30 and length of current population 151 .
2026-02-25 16:56:41,863 [INFO] - For chunk 1/1, generation 23/30 and length of current population 151 .
2026-02-25 16:56:42,168 [INFO] - For chunk 1/1, generation 24/30 and length of current population 151 .
2026-02-25 16:56:42,459 [INFO] - For chunk 1/1, generation 25/30 and length of current population 151 .
2026-02-25 16:56:42,744 [INFO] - For chunk 1/1, generation 26/30 and length of current population 151 .
2026-02-25 16:56:43,051 [INFO] - For chunk 1/1, generation 27/30 and length of current population 151 .
2026-02-25 16:56:43,412 [INFO] - For chunk 1/1, generation 28/30 and length of current population 151 .
2026-02-25 16:56:43,716 [INFO] - For chunk 1/1, generation 29/30 and length of current population 151 .
2026-02-25 16:56:44,008 [INFO] - For chunk 1/1, generation 30/30 and length of current population 151 .
2026-02-25 16:56:44,014 [INFO] - Dataset iteration 18 for depth 3 in low volatility regime.
2026-02-25 16:56:44,714 [INFO] - For chunk 1/1, generation 1/30 and length of current population 151 .
2026-02-25 16:56:45,284 [INFO] - For chunk 1/1, generation 2/30 and length of current population 151 .
2026-02-25 16:56:46,052 [INFO] - For chunk 1/1, generation 3/30 and length of current population 151 .
2026-02-25 16:56:46,829 [INFO] - For chunk 1/1, generation 4/30 and length of current population 151 .
2026-02-25 16:56:47,578 [INFO] - For chunk 1/1, generation 5/30 and length of current population 151 .
2026-02-25 16:56:48,401 [INFO] - For chunk 1/1, generation 6/30 and length of current population 151 .
2026-02-25 16:56:49,184 [INFO] - For chunk 1/1, generation 7/30 and length of current population 151 .
2026-02-25 16:56:50,387 [INFO] - For chunk 1/1, generation 8/30 and length of current population 151 .
2026-02-25 16:56:51,264 [INFO] - For chunk 1/1, generation 9/30 and length of current population 151 .
2026-02-25 16:56:52,089 [INFO] - For chunk 1/1, generation 10/30 and length of current population 151 .
2026-02-25 16:56:52,985 [INFO] - For chunk 1/1, generation 11/30 and length of current population 151 .
2026-02-25 16:56:53,964 [INFO] - For chunk 1/1, generation 12/30 and length of current population 151 .
2026-02-25 16:56:54,914 [INFO] - For chunk 1/1, generation 13/30 and length of current population 151 .
2026-02-25 16:56:55,959 [INFO] - For chunk 1/1, generation 14/30 and length of current population 151 .
2026-02-25 16:56:56,914 [INFO] - For chunk 1/1, generation 15/30 and length of current population 151 .
2026-02-25 16:56:58,205 [INFO] - For chunk 1/1, generation 16/30 and length of current population 151 .
2026-02-25 16:56:59,246 [INFO] - For chunk 1/1, generation 17/30 and length of current population 151 .
2026-02-25 16:57:00,389 [INFO] - For chunk 1/1, generation 18/30 and length of current population 151 .
2026-02-25 16:57:01,426 [INFO] - For chunk 1/1, generation 19/30 and length of current population 151 .
2026-02-25 16:57:02,395 [INFO] - For chunk 1/1, generation 20/30 and length of current population 151 .
2026-02-25 16:57:03,407 [INFO] - For chunk 1/1, generation 21/30 and length of current population 151 .
2026-02-25 16:57:04,381 [INFO] - For chunk 1/1, generation 22/30 and length of current population 151 .
2026-02-25 16:57:05,683 [INFO] - For chunk 1/1, generation 23/30 and length of current population 151 .
2026-02-25 16:57:06,749 [INFO] - For chunk 1/1, generation 24/30 and length of current population 151 .
2026-02-25 16:57:07,719 [INFO] - For chunk 1/1, generation 25/30 and length of current population 151 .
2026-02-25 16:57:08,721 [INFO] - For chunk 1/1, generation 26/30 and length of current population 151 .
2026-02-25 16:57:09,639 [INFO] - For chunk 1/1, generation 27/30 and length of current population 151 .
2026-02-25 16:57:10,596 [INFO] - For chunk 1/1, generation 28/30 and length of current population 151 .
2026-02-25 16:57:11,627 [INFO] - For chunk 1/1, generation 29/30 and length of current population 151 .
2026-02-25 16:57:13,084 [INFO] - For chunk 1/1, generation 30/30 and length of current population 151 .
2026-02-25 16:57:51,929 [INFO] - Checkpoint saved successfully to checkpoint.pkl
2026-02-25 16:57:51,929 [INFO] -  Starting Iteration 19 | Train: 2850-3850 | Test: 3850-4350 
2026-02-25 16:57:52,163 [INFO] - Running advanced evolution...
2026-02-25 16:57:52,169 [INFO] - Dataset iteration 19 for depth 2 in high volatility regime.
2026-02-25 16:57:52,496 [INFO] - For chunk 1/1, generation 1/30 and length of current population 151 .
2026-02-25 16:57:52,754 [INFO] - For chunk 1/1, generation 2/30 and length of current population 151 .
2026-02-25 16:57:52,984 [INFO] - For chunk 1/1, generation 3/30 and length of current population 151 .
2026-02-25 16:57:53,204 [INFO] - For chunk 1/1, generation 4/30 and length of current population 151 .
2026-02-25 16:57:53,439 [INFO] - For chunk 1/1, generation 5/30 and length of current population 151 .
2026-02-25 16:57:53,738 [INFO] - For chunk 1/1, generation 6/30 and length of current population 151 .
2026-02-25 16:57:53,961 [INFO] - For chunk 1/1, generation 7/30 and length of current population 151 .
2026-02-25 16:57:54,194 [INFO] - For chunk 1/1, generation 8/30 and length of current population 151 .
2026-02-25 16:57:54,448 [INFO] - For chunk 1/1, generation 9/30 and length of current population 151 .
2026-02-25 16:57:54,684 [INFO] - For chunk 1/1, generation 10/30 and length of current population 151 .
2026-02-25 16:57:54,924 [INFO] - For chunk 1/1, generation 11/30 and length of current population 151 .
2026-02-25 16:57:55,164 [INFO] - For chunk 1/1, generation 12/30 and length of current population 151 .
2026-02-25 16:57:55,397 [INFO] - For chunk 1/1, generation 13/30 and length of current population 151 .
2026-02-25 16:57:55,646 [INFO] - For chunk 1/1, generation 14/30 and length of current population 151 .
2026-02-25 16:57:55,892 [INFO] - For chunk 1/1, generation 15/30 and length of current population 151 .
2026-02-25 16:57:56,164 [INFO] - For chunk 1/1, generation 16/30 and length of current population 151 .
2026-02-25 16:57:56,427 [INFO] - For chunk 1/1, generation 17/30 and length of current population 151 .
2026-02-25 16:57:56,684 [INFO] - For chunk 1/1, generation 18/30 and length of current population 151 .
2026-02-25 16:57:56,924 [INFO] - For chunk 1/1, generation 19/30 and length of current population 151 .
2026-02-25 16:57:57,164 [INFO] - For chunk 1/1, generation 20/30 and length of current population 151 .
2026-02-25 16:57:57,414 [INFO] - For chunk 1/1, generation 21/30 and length of current population 151 .
2026-02-25 16:57:57,637 [INFO] - For chunk 1/1, generation 22/30 and length of current population 151 .
2026-02-25 16:57:57,882 [INFO] - For chunk 1/1, generation 23/30 and length of current population 151 .
2026-02-25 16:57:58,120 [INFO] - For chunk 1/1, generation 24/30 and length of current population 151 .
2026-02-25 16:57:58,344 [INFO] - For chunk 1/1, generation 25/30 and length of current population 151 .
2026-02-25 16:57:58,619 [INFO] - For chunk 1/1, generation 26/30 and length of current population 151 .
2026-02-25 16:57:58,888 [INFO] - For chunk 1/1, generation 27/30 and length of current population 151 .
2026-02-25 16:57:59,126 [INFO] - For chunk 1/1, generation 28/30 and length of current population 151 .
2026-02-25 16:57:59,348 [INFO] - For chunk 1/1, generation 29/30 and length of current population 151 .
2026-02-25 16:57:59,576 [INFO] - For chunk 1/1, generation 30/30 and length of current population 151 .
2026-02-25 16:57:59,594 [INFO] - Dataset iteration 19 for depth 3 in high volatility regime.
2026-02-25 16:58:00,060 [INFO] - For chunk 1/1, generation 1/30 and length of current population 151 .
2026-02-25 16:58:00,434 [INFO] - For chunk 1/1, generation 2/30 and length of current population 151 .
2026-02-25 16:58:00,781 [INFO] - For chunk 1/1, generation 3/30 and length of current population 151 .
2026-02-25 16:58:01,140 [INFO] - For chunk 1/1, generation 4/30 and length of current population 151 .
2026-02-25 16:58:01,518 [INFO] - For chunk 1/1, generation 5/30 and length of current population 151 .
2026-02-25 16:58:01,866 [INFO] - For chunk 1/1, generation 6/30 and length of current population 151 .
2026-02-25 16:58:03,274 [INFO] - For chunk 1/1, generation 7/30 and length of current population 151 .
2026-02-25 16:58:03,694 [INFO] - For chunk 1/1, generation 8/30 and length of current population 151 .
2026-02-25 16:58:04,108 [INFO] - For chunk 1/1, generation 9/30 and length of current population 151 .
2026-02-25 16:58:04,462 [INFO] - For chunk 1/1, generation 10/30 and length of current population 151 .
2026-02-25 16:58:04,848 [INFO] - For chunk 1/1, generation 11/30 and length of current population 151 .
2026-02-25 16:58:05,264 [INFO] - For chunk 1/1, generation 12/30 and length of current population 151 .
2026-02-25 16:58:05,650 [INFO] - For chunk 1/1, generation 13/30 and length of current population 151 .
2026-02-25 16:58:06,024 [INFO] - For chunk 1/1, generation 14/30 and length of current population 151 .
2026-02-25 16:58:06,489 [INFO] - For chunk 1/1, generation 15/30 and length of current population 151 .
2026-02-25 16:58:06,894 [INFO] - For chunk 1/1, generation 16/30 and length of current population 151 .
2026-02-25 16:58:07,294 [INFO] - For chunk 1/1, generation 17/30 and length of current population 151 .
2026-02-25 16:58:07,689 [INFO] - For chunk 1/1, generation 18/30 and length of current population 151 .
2026-02-25 16:58:08,105 [INFO] - For chunk 1/1, generation 19/30 and length of current population 151 .
2026-02-25 16:58:08,514 [INFO] - For chunk 1/1, generation 20/30 and length of current population 151 .
2026-02-25 16:58:08,979 [INFO] - For chunk 1/1, generation 21/30 and length of current population 151 .
2026-02-25 16:58:09,398 [INFO] - For chunk 1/1, generation 22/30 and length of current population 151 .
2026-02-25 16:58:09,814 [INFO] - For chunk 1/1, generation 23/30 and length of current population 151 .
2026-02-25 16:58:10,266 [INFO] - For chunk 1/1, generation 24/30 and length of current population 151 .
2026-02-25 16:58:11,053 [INFO] - For chunk 1/1, generation 25/30 and length of current population 151 .
2026-02-25 16:58:11,534 [INFO] - For chunk 1/1, generation 26/30 and length of current population 151 .
2026-02-25 16:58:11,954 [INFO] - For chunk 1/1, generation 27/30 and length of current population 151 .
2026-02-25 16:58:12,364 [INFO] - For chunk 1/1, generation 28/30 and length of current population 151 .
2026-02-25 16:58:12,794 [INFO] - For chunk 1/1, generation 29/30 and length of current population 151 .
2026-02-25 16:58:13,230 [INFO] - For chunk 1/1, generation 30/30 and length of current population 151 .
2026-02-25 16:58:13,244 [INFO] - Dataset iteration 19 for depth 2 in low volatility regime.
2026-02-25 16:58:13,678 [INFO] - For chunk 1/1, generation 1/30 and length of current population 151 .
2026-02-25 16:58:14,004 [INFO] - For chunk 1/1, generation 2/30 and length of current population 151 .
2026-02-25 16:58:14,298 [INFO] - For chunk 1/1, generation 3/30 and length of current population 151 .
2026-02-25 16:58:14,586 [INFO] - For chunk 1/1, generation 4/30 and length of current population 151 .
2026-02-25 16:58:14,886 [INFO] - For chunk 1/1, generation 5/30 and length of current population 151 .
2026-02-25 16:58:15,174 [INFO] - For chunk 1/1, generation 6/30 and length of current population 151 .
2026-02-25 16:58:15,466 [INFO] - For chunk 1/1, generation 7/30 and length of current population 151 .
2026-02-25 16:58:15,753 [INFO] - For chunk 1/1, generation 8/30 and length of current population 151 .
2026-02-25 16:58:16,052 [INFO] - For chunk 1/1, generation 9/30 and length of current population 151 .
2026-02-25 16:58:16,419 [INFO] - For chunk 1/1, generation 10/30 and length of current population 151 .
2026-02-25 16:58:16,714 [INFO] - For chunk 1/1, generation 11/30 and length of current population 151 .
2026-02-25 16:58:17,014 [INFO] - For chunk 1/1, generation 12/30 and length of current population 151 .
2026-02-25 16:58:17,324 [INFO] - For chunk 1/1, generation 13/30 and length of current population 151 .
2026-02-25 16:58:17,618 [INFO] - For chunk 1/1, generation 14/30 and length of current population 151 .
2026-02-25 16:58:17,938 [INFO] - For chunk 1/1, generation 15/30 and length of current population 151 .
2026-02-25 16:58:18,206 [INFO] - For chunk 1/1, generation 16/30 and length of current population 151 .
2026-02-25 16:58:18,494 [INFO] - For chunk 1/1, generation 17/30 and length of current population 151 .
2026-02-25 16:58:18,838 [INFO] - For chunk 1/1, generation 18/30 and length of current population 151 .
2026-02-25 16:58:19,132 [INFO] - For chunk 1/1, generation 19/30 and length of current population 151 .
2026-02-25 16:58:19,424 [INFO] - For chunk 1/1, generation 20/30 and length of current population 151 .
2026-02-25 16:58:19,717 [INFO] - For chunk 1/1, generation 21/30 and length of current population 151 .
2026-02-25 16:58:20,014 [INFO] - For chunk 1/1, generation 22/30 and length of current population 151 .
2026-02-25 16:58:20,313 [INFO] - For chunk 1/1, generation 23/30 and length of current population 151 .
2026-02-25 16:58:20,608 [INFO] - For chunk 1/1, generation 24/30 and length of current population 151 .
2026-02-25 16:58:20,916 [INFO] - For chunk 1/1, generation 25/30 and length of current population 151 .
2026-02-25 16:58:21,226 [INFO] - For chunk 1/1, generation 26/30 and length of current population 151 .
2026-02-25 16:58:21,544 [INFO] - For chunk 1/1, generation 27/30 and length of current population 151 .
2026-02-25 16:58:21,846 [INFO] - For chunk 1/1, generation 28/30 and length of current population 151 .
2026-02-25 16:58:22,137 [INFO] - For chunk 1/1, generation 29/30 and length of current population 151 .
2026-02-25 16:58:22,444 [INFO] - For chunk 1/1, generation 30/30 and length of current population 151 .
2026-02-25 16:58:22,449 [INFO] - Dataset iteration 19 for depth 3 in low volatility regime.
2026-02-25 16:58:23,532 [INFO] - For chunk 1/1, generation 1/30 and length of current population 151 .
2026-02-25 16:58:24,906 [INFO] - For chunk 1/1, generation 2/30 and length of current population 151 .
2026-02-25 16:58:25,693 [INFO] - For chunk 1/1, generation 3/30 and length of current population 151 .
2026-02-25 16:58:26,684 [INFO] - For chunk 1/1, generation 4/30 and length of current population 151 .
2026-02-25 16:58:27,646 [INFO] - For chunk 1/1, generation 5/30 and length of current population 151 .
2026-02-25 16:58:28,511 [INFO] - For chunk 1/1, generation 6/30 and length of current population 151 .
2026-02-25 16:58:29,414 [INFO] - For chunk 1/1, generation 7/30 and length of current population 151 .
2026-02-25 16:58:30,304 [INFO] - For chunk 1/1, generation 8/30 and length of current population 151 .
2026-02-25 16:58:31,645 [INFO] - For chunk 1/1, generation 9/30 and length of current population 151 .
2026-02-25 16:58:32,514 [INFO] - For chunk 1/1, generation 10/30 and length of current population 151 .
2026-02-25 16:58:33,396 [INFO] - For chunk 1/1, generation 11/30 and length of current population 151 .
2026-02-25 16:58:34,091 [INFO] - For chunk 1/1, generation 12/30 and length of current population 151 .
2026-02-25 16:58:34,334 [INFO] - For chunk 1/1, generation 13/30 and length of current population 151 .
2026-02-25 16:58:34,595 [INFO] - For chunk 1/1, generation 14/30 and length of current population 151 .
2026-02-25 16:58:34,884 [INFO] - For chunk 1/1, generation 15/30 and length of current population 151 .
2026-02-25 16:58:35,265 [INFO] - For chunk 1/1, generation 16/30 and length of current population 151 .
2026-02-25 16:58:35,556 [INFO] - For chunk 1/1, generation 17/30 and length of current population 151 .
2026-02-25 16:58:36,042 [INFO] - For chunk 1/1, generation 18/30 and length of current population 151 .
2026-02-25 16:58:36,353 [INFO] - For chunk 1/1, generation 19/30 and length of current population 151 .
2026-02-25 16:58:36,676 [INFO] - For chunk 1/1, generation 20/30 and length of current population 151 .
2026-02-25 16:58:37,057 [INFO] - For chunk 1/1, generation 21/30 and length of current population 151 .
2026-02-25 16:58:37,365 [INFO] - For chunk 1/1, generation 22/30 and length of current population 151 .
2026-02-25 16:58:37,684 [INFO] - For chunk 1/1, generation 23/30 and length of current population 151 .
2026-02-25 16:58:38,055 [INFO] - For chunk 1/1, generation 24/30 and length of current population 151 .
2026-02-25 16:58:38,604 [INFO] - For chunk 1/1, generation 25/30 and length of current population 151 .
2026-02-25 16:58:38,964 [INFO] - For chunk 1/1, generation 26/30 and length of current population 151 .
2026-02-25 16:58:39,284 [INFO] - For chunk 1/1, generation 27/30 and length of current population 151 .
2026-02-25 16:58:39,584 [INFO] - For chunk 1/1, generation 28/30 and length of current population 151 .
2026-02-25 16:58:39,979 [INFO] - For chunk 1/1, generation 29/30 and length of current population 151 .
2026-02-25 16:58:40,250 [INFO] - For chunk 1/1, generation 30/30 and length of current population 151 .
2026-02-25 16:58:51,684 [INFO] - Checkpoint saved successfully to checkpoint.pkl
2026-02-25 16:58:51,686 [INFO] -  Starting Iteration 20 | Train: 3000-4000 | Test: 4000-4500 
2026-02-25 16:58:51,755 [INFO] - Running advanced evolution...
2026-02-25 16:58:51,764 [INFO] - Dataset iteration 20 for depth 2 in high volatility regime.
2026-02-25 16:58:51,910 [INFO] - For chunk 1/1, generation 1/30 and length of current population 151 .
2026-02-25 16:58:52,010 [INFO] - For chunk 1/1, generation 2/30 and length of current population 151 .
2026-02-25 16:58:52,094 [INFO] - For chunk 1/1, generation 3/30 and length of current population 151 .
2026-02-25 16:58:52,155 [INFO] - For chunk 1/1, generation 4/30 and length of current population 151 .
2026-02-25 16:58:52,243 [INFO] - For chunk 1/1, generation 5/30 and length of current population 151 .
2026-02-25 16:58:52,309 [INFO] - For chunk 1/1, generation 6/30 and length of current population 151 .
2026-02-25 16:58:52,381 [INFO] - For chunk 1/1, generation 7/30 and length of current population 151 .
2026-02-25 16:58:52,463 [INFO] - For chunk 1/1, generation 8/30 and length of current population 151 .
2026-02-25 16:58:52,538 [INFO] - For chunk 1/1, generation 9/30 and length of current population 151 .
2026-02-25 16:58:52,608 [INFO] - For chunk 1/1, generation 10/30 and length of current population 151 .
2026-02-25 16:58:52,687 [INFO] - For chunk 1/1, generation 11/30 and length of current population 151 .
2026-02-25 16:58:52,755 [INFO] - For chunk 1/1, generation 12/30 and length of current population 151 .
2026-02-25 16:58:52,825 [INFO] - For chunk 1/1, generation 13/30 and length of current population 151 .
2026-02-25 16:58:53,399 [INFO] - For chunk 1/1, generation 14/30 and length of current population 151 .
2026-02-25 16:58:53,492 [INFO] - For chunk 1/1, generation 15/30 and length of current population 151 .
2026-02-25 16:58:53,564 [INFO] - For chunk 1/1, generation 16/30 and length of current population 151 .
2026-02-25 16:58:53,651 [INFO] - For chunk 1/1, generation 17/30 and length of current population 151 .
2026-02-25 16:58:53,734 [INFO] - For chunk 1/1, generation 18/30 and length of current population 151 .
2026-02-25 16:58:53,803 [INFO] - For chunk 1/1, generation 19/30 and length of current population 151 .
2026-02-25 16:58:53,870 [INFO] - For chunk 1/1, generation 20/30 and length of current population 151 .
2026-02-25 16:58:53,934 [INFO] - For chunk 1/1, generation 21/30 and length of current population 151 .
2026-02-25 16:58:53,996 [INFO] - For chunk 1/1, generation 22/30 and length of current population 151 .
2026-02-25 16:58:54,074 [INFO] - For chunk 1/1, generation 23/30 and length of current population 151 .
2026-02-25 16:58:54,154 [INFO] - For chunk 1/1, generation 24/30 and length of current population 151 .
2026-02-25 16:58:54,227 [INFO] - For chunk 1/1, generation 25/30 and length of current population 151 .
2026-02-25 16:58:54,296 [INFO] - For chunk 1/1, generation 26/30 and length of current population 151 .
2026-02-25 16:58:54,364 [INFO] - For chunk 1/1, generation 27/30 and length of current population 151 .
2026-02-25 16:58:54,431 [INFO] - For chunk 1/1, generation 28/30 and length of current population 151 .
2026-02-25 16:58:54,503 [INFO] - For chunk 1/1, generation 29/30 and length of current population 151 .
2026-02-25 16:58:54,568 [INFO] - For chunk 1/1, generation 30/30 and length of current population 151 .
2026-02-25 16:58:54,573 [INFO] - Dataset iteration 20 for depth 3 in high volatility regime.
2026-02-25 16:58:54,673 [INFO] - Sanitized unary node val 24 -> 5
2026-02-25 16:58:54,744 [INFO] - For chunk 1/1, generation 1/30 and length of current population 151 .
2026-02-25 16:58:54,866 [INFO] - For chunk 1/1, generation 2/30 and length of current population 151 .
2026-02-25 16:58:54,977 [INFO] - For chunk 1/1, generation 3/30 and length of current population 151 .
2026-02-25 16:58:55,106 [INFO] - For chunk 1/1, generation 4/30 and length of current population 151 .
2026-02-25 16:58:55,224 [INFO] - For chunk 1/1, generation 5/30 and length of current population 151 .
2026-02-25 16:58:55,335 [INFO] - For chunk 1/1, generation 6/30 and length of current population 151 .
2026-02-25 16:58:55,444 [INFO] - For chunk 1/1, generation 7/30 and length of current population 151 .
2026-02-25 16:58:55,554 [INFO] - For chunk 1/1, generation 8/30 and length of current population 151 .
2026-02-25 16:58:55,684 [INFO] - For chunk 1/1, generation 9/30 and length of current population 151 .
2026-02-25 16:58:55,793 [INFO] - For chunk 1/1, generation 10/30 and length of current population 151 .
2026-02-25 16:58:55,904 [INFO] - For chunk 1/1, generation 11/30 and length of current population 151 .
2026-02-25 16:58:56,024 [INFO] - For chunk 1/1, generation 12/30 and length of current population 151 .
2026-02-25 16:58:56,334 [INFO] - For chunk 1/1, generation 13/30 and length of current population 151 .
2026-02-25 16:58:56,473 [INFO] - For chunk 1/1, generation 14/30 and length of current population 151 .
2026-02-25 16:58:56,614 [INFO] - For chunk 1/1, generation 15/30 and length of current population 151 .
2026-02-25 16:58:56,720 [INFO] - For chunk 1/1, generation 16/30 and length of current population 151 .
2026-02-25 16:58:56,818 [INFO] - For chunk 1/1, generation 17/30 and length of current population 151 .
2026-02-25 16:58:56,927 [INFO] - For chunk 1/1, generation 18/30 and length of current population 151 .
2026-02-25 16:58:57,034 [INFO] - For chunk 1/1, generation 19/30 and length of current population 151 .
2026-02-25 16:58:57,144 [INFO] - For chunk 1/1, generation 20/30 and length of current population 151 .
2026-02-25 16:58:57,244 [INFO] - For chunk 1/1, generation 21/30 and length of current population 151 .
2026-02-25 16:58:57,381 [INFO] - For chunk 1/1, generation 22/30 and length of current population 151 .
2026-02-25 16:58:57,523 [INFO] - For chunk 1/1, generation 23/30 and length of current population 151 .
2026-02-25 16:58:57,644 [INFO] - For chunk 1/1, generation 24/30 and length of current population 151 .
2026-02-25 16:58:57,768 [INFO] - For chunk 1/1, generation 25/30 and length of current population 151 .
2026-02-25 16:58:57,883 [INFO] - For chunk 1/1, generation 26/30 and length of current population 151 .
2026-02-25 16:58:58,004 [INFO] - For chunk 1/1, generation 27/30 and length of current population 151 .
2026-02-25 16:58:58,144 [INFO] - For chunk 1/1, generation 28/30 and length of current population 151 .
2026-02-25 16:58:58,267 [INFO] - For chunk 1/1, generation 29/30 and length of current population 151 .
2026-02-25 16:58:58,373 [INFO] - For chunk 1/1, generation 30/30 and length of current population 151 .
2026-02-25 16:58:58,373 [INFO] - Dataset iteration 20 for depth 2 in low volatility regime.
2026-02-25 16:58:58,509 [INFO] - For chunk 1/1, generation 1/30 and length of current population 151 .
2026-02-25 16:58:58,609 [INFO] - For chunk 1/1, generation 2/30 and length of current population 151 .
2026-02-25 16:58:58,758 [INFO] - For chunk 1/1, generation 3/30 and length of current population 151 .
2026-02-25 16:58:59,064 [INFO] - For chunk 1/1, generation 4/30 and length of current population 151 .
2026-02-25 16:58:59,180 [INFO] - For chunk 1/1, generation 5/30 and length of current population 151 .
2026-02-25 16:58:59,299 [INFO] - For chunk 1/1, generation 6/30 and length of current population 151 .
2026-02-25 16:58:59,404 [INFO] - For chunk 1/1, generation 7/30 and length of current population 151 .
2026-02-25 16:58:59,508 [INFO] - For chunk 1/1, generation 8/30 and length of current population 151 .
2026-02-25 16:58:59,599 [INFO] - For chunk 1/1, generation 9/30 and length of current population 151 .
2026-02-25 16:58:59,690 [INFO] - For chunk 1/1, generation 10/30 and length of current population 151 .
2026-02-25 16:58:59,779 [INFO] - For chunk 1/1, generation 11/30 and length of current population 151 .
2026-02-25 16:58:59,874 [INFO] - For chunk 1/1, generation 12/30 and length of current population 151 .
2026-02-25 16:59:00,104 [INFO] - For chunk 1/1, generation 13/30 and length of current population 151 .
2026-02-25 16:59:00,200 [INFO] - For chunk 1/1, generation 14/30 and length of current population 151 .
2026-02-25 16:59:00,334 [INFO] - For chunk 1/1, generation 15/30 and length of current population 151 .
2026-02-25 16:59:00,445 [INFO] - For chunk 1/1, generation 16/30 and length of current population 151 .
2026-02-25 16:59:00,564 [INFO] - For chunk 1/1, generation 17/30 and length of current population 151 .
2026-02-25 16:59:00,696 [INFO] - For chunk 1/1, generation 18/30 and length of current population 151 .
2026-02-25 16:59:01,084 [INFO] - For chunk 1/1, generation 19/30 and length of current population 151 .
2026-02-25 16:59:01,436 [INFO] - For chunk 1/1, generation 20/30 and length of current population 151 .
2026-02-25 16:59:01,768 [INFO] - For chunk 1/1, generation 21/30 and length of current population 151 .
2026-02-25 16:59:02,054 [INFO] - For chunk 1/1, generation 22/30 and length of current population 151 .
2026-02-25 16:59:02,379 [INFO] - For chunk 1/1, generation 23/30 and length of current population 151 .
2026-02-25 16:59:02,656 [INFO] - For chunk 1/1, generation 24/30 and length of current population 151 .
2026-02-25 16:59:02,944 [INFO] - For chunk 1/1, generation 25/30 and length of current population 151 .
2026-02-25 16:59:03,254 [INFO] - For chunk 1/1, generation 26/30 and length of current population 151 .
2026-02-25 16:59:03,531 [INFO] - For chunk 1/1, generation 27/30 and length of current population 151 .
2026-02-25 16:59:03,814 [INFO] - For chunk 1/1, generation 28/30 and length of current population 151 .
2026-02-25 16:59:04,157 [INFO] - For chunk 1/1, generation 29/30 and length of current population 151 .
2026-02-25 16:59:04,454 [INFO] - For chunk 1/1, generation 30/30 and length of current population 151 .
2026-02-25 16:59:04,468 [INFO] - Dataset iteration 20 for depth 3 in low volatility regime.
2026-02-25 16:59:05,614 [INFO] - For chunk 1/1, generation 1/30 and length of current population 151 .
2026-02-25 16:59:06,753 [INFO] - For chunk 1/1, generation 2/30 and length of current population 151 .
2026-02-25 16:59:07,851 [INFO] - For chunk 1/1, generation 3/30 and length of current population 151 .
2026-02-25 16:59:09,458 [INFO] - For chunk 1/1, generation 4/30 and length of current population 151 .
2026-02-25 16:59:10,565 [INFO] - For chunk 1/1, generation 5/30 and length of current population 151 .
2026-02-25 16:59:11,679 [INFO] - For chunk 1/1, generation 6/30 and length of current population 151 .
2026-02-25 16:59:13,036 [INFO] - For chunk 1/1, generation 7/30 and length of current population 151 .
2026-02-25 16:59:14,348 [INFO] - For chunk 1/1, generation 8/30 and length of current population 151 .
2026-02-25 16:59:15,666 [INFO] - For chunk 1/1, generation 9/30 and length of current population 151 .
2026-02-25 16:59:17,430 [INFO] - For chunk 1/1, generation 10/30 and length of current population 151 .
2026-02-25 16:59:18,756 [INFO] - For chunk 1/1, generation 11/30 and length of current population 151 .
2026-02-25 16:59:20,078 [INFO] - For chunk 1/1, generation 12/30 and length of current population 151 .
2026-02-25 16:59:21,347 [INFO] - For chunk 1/1, generation 13/30 and length of current population 151 .
2026-02-25 16:59:22,619 [INFO] - For chunk 1/1, generation 14/30 and length of current population 151 .
2026-02-25 16:59:23,978 [INFO] - For chunk 1/1, generation 15/30 and length of current population 151 .
2026-02-25 16:59:25,904 [INFO] - For chunk 1/1, generation 16/30 and length of current population 151 .
2026-02-25 16:59:27,358 [INFO] - For chunk 1/1, generation 17/30 and length of current population 151 .
2026-02-25 16:59:28,771 [INFO] - For chunk 1/1, generation 18/30 and length of current population 151 .
2026-02-25 16:59:30,110 [INFO] - For chunk 1/1, generation 19/30 and length of current population 151 .
2026-02-25 16:59:31,380 [INFO] - For chunk 1/1, generation 20/30 and length of current population 151 .
2026-02-25 16:59:32,603 [INFO] - For chunk 1/1, generation 21/30 and length of current population 151 .
2026-02-25 16:59:34,376 [INFO] - For chunk 1/1, generation 22/30 and length of current population 151 .
2026-02-25 16:59:35,614 [INFO] - For chunk 1/1, generation 23/30 and length of current population 151 .
2026-02-25 16:59:37,065 [INFO] - For chunk 1/1, generation 24/30 and length of current population 151 .
2026-02-25 16:59:38,537 [INFO] - For chunk 1/1, generation 25/30 and length of current population 151 .
2026-02-25 16:59:39,995 [INFO] - For chunk 1/1, generation 26/30 and length of current population 151 .
2026-02-25 16:59:41,763 [INFO] - For chunk 1/1, generation 27/30 and length of current population 151 .
2026-02-25 16:59:43,171 [INFO] - For chunk 1/1, generation 28/30 and length of current population 151 .
2026-02-25 16:59:44,454 [INFO] - For chunk 1/1, generation 29/30 and length of current population 151 .
2026-02-25 16:59:45,707 [INFO] - For chunk 1/1, generation 30/30 and length of current population 151 .
2026-02-25 17:00:26,996 [INFO] - Checkpoint saved successfully to checkpoint.pkl
2026-02-25 17:00:26,996 [INFO] -  Starting Iteration 21 | Train: 3150-4150 | Test: 4150-4650 
2026-02-25 17:00:27,200 [INFO] - Running advanced evolution...
2026-02-25 17:00:27,204 [INFO] - Dataset iteration 21 for depth 2 in high volatility regime.
2026-02-25 17:00:27,548 [INFO] - For chunk 1/1, generation 1/30 and length of current population 151 .
2026-02-25 17:00:27,781 [INFO] - For chunk 1/1, generation 2/30 and length of current population 151 .
2026-02-25 17:00:28,015 [INFO] - For chunk 1/1, generation 3/30 and length of current population 151 .
2026-02-25 17:00:28,239 [INFO] - For chunk 1/1, generation 4/30 and length of current population 151 .
2026-02-25 17:00:28,464 [INFO] - For chunk 1/1, generation 5/30 and length of current population 151 .
2026-02-25 17:00:28,689 [INFO] - For chunk 1/1, generation 6/30 and length of current population 151 .
2026-02-25 17:00:29,004 [INFO] - For chunk 1/1, generation 7/30 and length of current population 151 .
2026-02-25 17:00:29,234 [INFO] - For chunk 1/1, generation 8/30 and length of current population 151 .
2026-02-25 17:00:29,474 [INFO] - For chunk 1/1, generation 9/30 and length of current population 151 .
2026-02-25 17:00:29,690 [INFO] - For chunk 1/1, generation 10/30 and length of current population 151 .
2026-02-25 17:00:29,925 [INFO] - For chunk 1/1, generation 11/30 and length of current population 151 .
2026-02-25 17:00:30,145 [INFO] - For chunk 1/1, generation 12/30 and length of current population 151 .
2026-02-25 17:00:30,373 [INFO] - For chunk 1/1, generation 13/30 and length of current population 151 .
2026-02-25 17:00:30,589 [INFO] - For chunk 1/1, generation 14/30 and length of current population 151 .
2026-02-25 17:00:30,814 [INFO] - For chunk 1/1, generation 15/30 and length of current population 151 .
2026-02-25 17:00:31,044 [INFO] - For chunk 1/1, generation 16/30 and length of current population 151 .
2026-02-25 17:00:31,308 [INFO] - For chunk 1/1, generation 17/30 and length of current population 151 .
2026-02-25 17:00:31,592 [INFO] - For chunk 1/1, generation 18/30 and length of current population 151 .
2026-02-25 17:00:31,826 [INFO] - For chunk 1/1, generation 19/30 and length of current population 151 .
2026-02-25 17:00:32,064 [INFO] - For chunk 1/1, generation 20/30 and length of current population 151 .
2026-02-25 17:00:32,287 [INFO] - For chunk 1/1, generation 21/30 and length of current population 151 .
2026-02-25 17:00:33,535 [INFO] - For chunk 1/1, generation 22/30 and length of current population 151 .
2026-02-25 17:00:33,776 [INFO] - For chunk 1/1, generation 23/30 and length of current population 151 .
2026-02-25 17:00:34,033 [INFO] - For chunk 1/1, generation 24/30 and length of current population 151 .
2026-02-25 17:00:34,365 [INFO] - For chunk 1/1, generation 25/30 and length of current population 151 .
2026-02-25 17:00:34,617 [INFO] - For chunk 1/1, generation 26/30 and length of current population 151 .
2026-02-25 17:00:34,829 [INFO] - For chunk 1/1, generation 27/30 and length of current population 151 .
2026-02-25 17:00:35,019 [INFO] - For chunk 1/1, generation 28/30 and length of current population 151 .
2026-02-25 17:00:35,239 [INFO] - For chunk 1/1, generation 29/30 and length of current population 151 .
2026-02-25 17:00:35,468 [INFO] - For chunk 1/1, generation 30/30 and length of current population 151 .
2026-02-25 17:00:35,478 [INFO] - Dataset iteration 21 for depth 3 in high volatility regime.
2026-02-25 17:00:35,956 [INFO] - For chunk 1/1, generation 1/30 and length of current population 151 .
2026-02-25 17:00:36,376 [INFO] - For chunk 1/1, generation 2/30 and length of current population 151 .
2026-02-25 17:00:36,747 [INFO] - For chunk 1/1, generation 3/30 and length of current population 151 .
2026-02-25 17:00:37,093 [INFO] - For chunk 1/1, generation 4/30 and length of current population 151 .
2026-02-25 17:00:37,407 [INFO] - For chunk 1/1, generation 5/30 and length of current population 151 .
2026-02-25 17:00:37,697 [INFO] - For chunk 1/1, generation 6/30 and length of current population 151 .
2026-02-25 17:00:38,026 [INFO] - For chunk 1/1, generation 7/30 and length of current population 151 .
2026-02-25 17:00:38,340 [INFO] - For chunk 1/1, generation 8/30 and length of current population 151 .
2026-02-25 17:00:38,667 [INFO] - For chunk 1/1, generation 9/30 and length of current population 151 .
2026-02-25 17:00:39,071 [INFO] - For chunk 1/1, generation 10/30 and length of current population 151 .
2026-02-25 17:00:39,454 [INFO] - For chunk 1/1, generation 11/30 and length of current population 151 .
2026-02-25 17:00:39,831 [INFO] - For chunk 1/1, generation 12/30 and length of current population 151 .
2026-02-25 17:00:40,152 [INFO] - For chunk 1/1, generation 13/30 and length of current population 151 .
2026-02-25 17:00:40,521 [INFO] - For chunk 1/1, generation 14/30 and length of current population 151 .
2026-02-25 17:00:40,908 [INFO] - For chunk 1/1, generation 15/30 and length of current population 151 .
2026-02-25 17:00:41,247 [INFO] - For chunk 1/1, generation 16/30 and length of current population 151 .
2026-02-25 17:00:41,625 [INFO] - For chunk 1/1, generation 17/30 and length of current population 151 .
2026-02-25 17:00:42,343 [INFO] - For chunk 1/1, generation 18/30 and length of current population 151 .
2026-02-25 17:00:42,609 [INFO] - For chunk 1/1, generation 19/30 and length of current population 151 .
2026-02-25 17:00:42,923 [INFO] - For chunk 1/1, generation 20/30 and length of current population 151 .
2026-02-25 17:00:43,242 [INFO] - For chunk 1/1, generation 21/30 and length of current population 151 .
2026-02-25 17:00:43,561 [INFO] - For chunk 1/1, generation 22/30 and length of current population 151 .
2026-02-25 17:00:43,900 [INFO] - For chunk 1/1, generation 23/30 and length of current population 151 .
2026-02-25 17:00:44,241 [INFO] - For chunk 1/1, generation 24/30 and length of current population 151 .
2026-02-25 17:00:44,677 [INFO] - For chunk 1/1, generation 25/30 and length of current population 151 .
2026-02-25 17:00:45,008 [INFO] - For chunk 1/1, generation 26/30 and length of current population 151 .
2026-02-25 17:00:45,366 [INFO] - For chunk 1/1, generation 27/30 and length of current population 151 .
2026-02-25 17:00:45,706 [INFO] - For chunk 1/1, generation 28/30 and length of current population 151 .
2026-02-25 17:00:45,970 [INFO] - For chunk 1/1, generation 29/30 and length of current population 151 .
2026-02-25 17:00:46,290 [INFO] - For chunk 1/1, generation 30/30 and length of current population 151 .
2026-02-25 17:00:46,298 [INFO] - Dataset iteration 21 for depth 2 in low volatility regime.
2026-02-25 17:00:46,721 [INFO] - For chunk 1/1, generation 1/30 and length of current population 151 .
2026-02-25 17:00:47,057 [INFO] - For chunk 1/1, generation 2/30 and length of current population 151 .
2026-02-25 17:00:47,356 [INFO] - For chunk 1/1, generation 3/30 and length of current population 151 .
2026-02-25 17:00:47,668 [INFO] - For chunk 1/1, generation 4/30 and length of current population 151 .
2026-02-25 17:00:47,977 [INFO] - For chunk 1/1, generation 5/30 and length of current population 151 .
2026-02-25 17:00:48,276 [INFO] - For chunk 1/1, generation 6/30 and length of current population 151 .
2026-02-25 17:00:48,583 [INFO] - For chunk 1/1, generation 7/30 and length of current population 151 .
2026-02-25 17:00:48,883 [INFO] - For chunk 1/1, generation 8/30 and length of current population 151 .
2026-02-25 17:00:49,176 [INFO] - For chunk 1/1, generation 9/30 and length of current population 151 .
2026-02-25 17:00:49,540 [INFO] - For chunk 1/1, generation 10/30 and length of current population 151 .
2026-02-25 17:00:49,859 [INFO] - For chunk 1/1, generation 11/30 and length of current population 151 .
2026-02-25 17:00:50,147 [INFO] - For chunk 1/1, generation 12/30 and length of current population 151 .
2026-02-25 17:00:50,446 [INFO] - For chunk 1/1, generation 13/30 and length of current population 151 .
2026-02-25 17:00:50,750 [INFO] - For chunk 1/1, generation 14/30 and length of current population 151 .
2026-02-25 17:00:51,048 [INFO] - For chunk 1/1, generation 15/30 and length of current population 151 .
2026-02-25 17:00:51,326 [INFO] - For chunk 1/1, generation 16/30 and length of current population 151 .
2026-02-25 17:00:51,614 [INFO] - For chunk 1/1, generation 17/30 and length of current population 151 .
2026-02-25 17:00:51,976 [INFO] - For chunk 1/1, generation 18/30 and length of current population 151 .
2026-02-25 17:00:52,316 [INFO] - For chunk 1/1, generation 19/30 and length of current population 151 .
2026-02-25 17:00:52,658 [INFO] - For chunk 1/1, generation 20/30 and length of current population 151 .
2026-02-25 17:00:52,994 [INFO] - For chunk 1/1, generation 21/30 and length of current population 151 .
2026-02-25 17:00:53,304 [INFO] - For chunk 1/1, generation 22/30 and length of current population 151 .
2026-02-25 17:00:53,578 [INFO] - For chunk 1/1, generation 23/30 and length of current population 151 .
2026-02-25 17:00:53,828 [INFO] - For chunk 1/1, generation 24/30 and length of current population 151 .
2026-02-25 17:00:54,136 [INFO] - For chunk 1/1, generation 25/30 and length of current population 151 .
2026-02-25 17:00:54,432 [INFO] - For chunk 1/1, generation 26/30 and length of current population 151 .
2026-02-25 17:00:54,730 [INFO] - For chunk 1/1, generation 27/30 and length of current population 151 .
2026-02-25 17:00:55,090 [INFO] - For chunk 1/1, generation 28/30 and length of current population 151 .
2026-02-25 17:00:55,429 [INFO] - For chunk 1/1, generation 29/30 and length of current population 151 .
2026-02-25 17:00:55,737 [INFO] - For chunk 1/1, generation 30/30 and length of current population 151 .
2026-02-25 17:00:55,745 [INFO] - Dataset iteration 21 for depth 3 in low volatility regime.
2026-02-25 17:00:57,618 [INFO] - For chunk 1/1, generation 1/30 and length of current population 151 .
2026-02-25 17:00:58,652 [INFO] - For chunk 1/1, generation 2/30 and length of current population 151 .
2026-02-25 17:00:59,733 [INFO] - For chunk 1/1, generation 3/30 and length of current population 151 .
2026-02-25 17:01:00,861 [INFO] - For chunk 1/1, generation 4/30 and length of current population 151 .
2026-02-25 17:01:01,844 [INFO] - For chunk 1/1, generation 5/30 and length of current population 151 .
2026-02-25 17:01:03,095 [INFO] - For chunk 1/1, generation 6/30 and length of current population 151 .
2026-02-25 17:01:04,792 [INFO] - For chunk 1/1, generation 7/30 and length of current population 151 .
2026-02-25 17:01:06,083 [INFO] - For chunk 1/1, generation 8/30 and length of current population 151 .
2026-02-25 17:01:07,189 [INFO] - For chunk 1/1, generation 9/30 and length of current population 151 .
2026-02-25 17:01:08,251 [INFO] - For chunk 1/1, generation 10/30 and length of current population 151 .
2026-02-25 17:01:09,086 [INFO] - For chunk 1/1, generation 11/30 and length of current population 151 .
2026-02-25 17:01:09,981 [INFO] - For chunk 1/1, generation 12/30 and length of current population 151 .
2026-02-25 17:01:10,786 [INFO] - For chunk 1/1, generation 13/30 and length of current population 151 .
2026-02-25 17:01:12,057 [INFO] - For chunk 1/1, generation 14/30 and length of current population 151 .
2026-02-25 17:01:12,919 [INFO] - For chunk 1/1, generation 15/30 and length of current population 151 .
2026-02-25 17:01:13,686 [INFO] - For chunk 1/1, generation 16/30 and length of current population 151 .
2026-02-25 17:01:14,502 [INFO] - For chunk 1/1, generation 17/30 and length of current population 151 .
2026-02-25 17:01:15,441 [INFO] - For chunk 1/1, generation 18/30 and length of current population 151 .
2026-02-25 17:01:16,183 [INFO] - For chunk 1/1, generation 19/30 and length of current population 151 .
2026-02-25 17:01:17,069 [INFO] - For chunk 1/1, generation 20/30 and length of current population 151 .
2026-02-25 17:01:17,907 [INFO] - For chunk 1/1, generation 21/30 and length of current population 151 .
2026-02-25 17:01:18,700 [INFO] - For chunk 1/1, generation 22/30 and length of current population 151 .
2026-02-25 17:01:19,471 [INFO] - For chunk 1/1, generation 23/30 and length of current population 151 .
2026-02-25 17:01:20,577 [INFO] - For chunk 1/1, generation 24/30 and length of current population 151 .
2026-02-25 17:01:21,279 [INFO] - For chunk 1/1, generation 25/30 and length of current population 151 .
2026-02-25 17:01:21,951 [INFO] - For chunk 1/1, generation 26/30 and length of current population 151 .
2026-02-25 17:01:22,781 [INFO] - For chunk 1/1, generation 27/30 and length of current population 151 .
2026-02-25 17:01:23,499 [INFO] - For chunk 1/1, generation 28/30 and length of current population 151 .
2026-02-25 17:01:24,214 [INFO] - For chunk 1/1, generation 29/30 and length of current population 151 .
2026-02-25 17:01:24,970 [INFO] - For chunk 1/1, generation 30/30 and length of current population 151 .
2026-02-25 17:02:03,085 [INFO] - Checkpoint saved successfully to checkpoint.pkl
2026-02-25 17:02:03,085 [INFO] -  Starting Iteration 22 | Train: 3300-4300 | Test: 4300-4800 
2026-02-25 17:02:03,281 [INFO] - Running advanced evolution...
2026-02-25 17:02:03,289 [INFO] - Dataset iteration 22 for depth 2 in high volatility regime.
2026-02-25 17:02:03,595 [INFO] - For chunk 1/1, generation 1/30 and length of current population 151 .
2026-02-25 17:02:03,836 [INFO] - For chunk 1/1, generation 2/30 and length of current population 151 .
2026-02-25 17:02:04,075 [INFO] - For chunk 1/1, generation 3/30 and length of current population 151 .
2026-02-25 17:02:04,300 [INFO] - For chunk 1/1, generation 4/30 and length of current population 151 .
2026-02-25 17:02:04,530 [INFO] - For chunk 1/1, generation 5/30 and length of current population 151 .
2026-02-25 17:02:04,769 [INFO] - For chunk 1/1, generation 6/30 and length of current population 151 .
2026-02-25 17:02:05,001 [INFO] - For chunk 1/1, generation 7/30 and length of current population 151 .
2026-02-25 17:02:05,225 [INFO] - For chunk 1/1, generation 8/30 and length of current population 151 .
2026-02-25 17:02:05,526 [INFO] - For chunk 1/1, generation 9/30 and length of current population 151 .
2026-02-25 17:02:05,774 [INFO] - For chunk 1/1, generation 10/30 and length of current population 151 .
2026-02-25 17:02:06,021 [INFO] - For chunk 1/1, generation 11/30 and length of current population 151 .
2026-02-25 17:02:06,243 [INFO] - For chunk 1/1, generation 12/30 and length of current population 151 .
2026-02-25 17:02:06,457 [INFO] - For chunk 1/1, generation 13/30 and length of current population 151 .
2026-02-25 17:02:06,696 [INFO] - For chunk 1/1, generation 14/30 and length of current population 151 .
2026-02-25 17:02:06,943 [INFO] - For chunk 1/1, generation 15/30 and length of current population 151 .
2026-02-25 17:02:07,184 [INFO] - For chunk 1/1, generation 16/30 and length of current population 151 .
2026-02-25 17:02:07,420 [INFO] - For chunk 1/1, generation 17/30 and length of current population 151 .
2026-02-25 17:02:07,651 [INFO] - For chunk 1/1, generation 18/30 and length of current population 151 .
2026-02-25 17:02:07,881 [INFO] - For chunk 1/1, generation 19/30 and length of current population 151 .
2026-02-25 17:02:08,157 [INFO] - For chunk 1/1, generation 20/30 and length of current population 151 .
2026-02-25 17:02:08,392 [INFO] - For chunk 1/1, generation 21/30 and length of current population 151 .
2026-02-25 17:02:08,631 [INFO] - For chunk 1/1, generation 22/30 and length of current population 151 .
2026-02-25 17:02:08,859 [INFO] - For chunk 1/1, generation 23/30 and length of current population 151 .
2026-02-25 17:02:09,092 [INFO] - For chunk 1/1, generation 24/30 and length of current population 151 .
2026-02-25 17:02:09,337 [INFO] - For chunk 1/1, generation 25/30 and length of current population 151 .
2026-02-25 17:02:09,569 [INFO] - For chunk 1/1, generation 26/30 and length of current population 151 .
2026-02-25 17:02:09,791 [INFO] - For chunk 1/1, generation 27/30 and length of current population 151 .
2026-02-25 17:02:11,068 [INFO] - For chunk 1/1, generation 28/30 and length of current population 151 .
2026-02-25 17:02:11,315 [INFO] - For chunk 1/1, generation 29/30 and length of current population 151 .
2026-02-25 17:02:11,539 [INFO] - For chunk 1/1, generation 30/30 and length of current population 151 .
2026-02-25 17:02:11,550 [INFO] - Dataset iteration 22 for depth 3 in high volatility regime.
2026-02-25 17:02:11,962 [INFO] - For chunk 1/1, generation 1/30 and length of current population 151 .
2026-02-25 17:02:12,277 [INFO] - For chunk 1/1, generation 2/30 and length of current population 151 .
2026-02-25 17:02:12,580 [INFO] - For chunk 1/1, generation 3/30 and length of current population 151 .
2026-02-25 17:02:12,901 [INFO] - For chunk 1/1, generation 4/30 and length of current population 151 .
2026-02-25 17:02:13,361 [INFO] - For chunk 1/1, generation 5/30 and length of current population 151 .
2026-02-25 17:02:13,707 [INFO] - For chunk 1/1, generation 6/30 and length of current population 151 .
2026-02-25 17:02:14,068 [INFO] - For chunk 1/1, generation 7/30 and length of current population 151 .
2026-02-25 17:02:14,463 [INFO] - For chunk 1/1, generation 8/30 and length of current population 151 .
2026-02-25 17:02:14,803 [INFO] - For chunk 1/1, generation 9/30 and length of current population 151 .
2026-02-25 17:02:15,153 [INFO] - For chunk 1/1, generation 10/30 and length of current population 151 .
2026-02-25 17:02:15,603 [INFO] - For chunk 1/1, generation 11/30 and length of current population 151 .
2026-02-25 17:02:16,031 [INFO] - For chunk 1/1, generation 12/30 and length of current population 151 .
2026-02-25 17:02:16,449 [INFO] - For chunk 1/1, generation 13/30 and length of current population 151 .
2026-02-25 17:02:16,831 [INFO] - For chunk 1/1, generation 14/30 and length of current population 151 .
2026-02-25 17:02:17,232 [INFO] - For chunk 1/1, generation 15/30 and length of current population 151 .
2026-02-25 17:02:17,661 [INFO] - For chunk 1/1, generation 16/30 and length of current population 151 .
2026-02-25 17:02:18,118 [INFO] - For chunk 1/1, generation 17/30 and length of current population 151 .
2026-02-25 17:02:18,554 [INFO] - For chunk 1/1, generation 18/30 and length of current population 151 .
2026-02-25 17:02:19,318 [INFO] - For chunk 1/1, generation 19/30 and length of current population 151 .
2026-02-25 17:02:19,737 [INFO] - For chunk 1/1, generation 20/30 and length of current population 151 .
2026-02-25 17:02:20,127 [INFO] - For chunk 1/1, generation 21/30 and length of current population 151 .
2026-02-25 17:02:20,587 [INFO] - For chunk 1/1, generation 22/30 and length of current population 151 .
2026-02-25 17:02:21,075 [INFO] - For chunk 1/1, generation 23/30 and length of current population 151 .
2026-02-25 17:02:21,518 [INFO] - For chunk 1/1, generation 24/30 and length of current population 151 .
2026-02-25 17:02:21,957 [INFO] - For chunk 1/1, generation 25/30 and length of current population 151 .
2026-02-25 17:02:22,414 [INFO] - For chunk 1/1, generation 26/30 and length of current population 151 .
2026-02-25 17:02:22,887 [INFO] - For chunk 1/1, generation 27/30 and length of current population 151 .
2026-02-25 17:02:23,324 [INFO] - For chunk 1/1, generation 28/30 and length of current population 151 .
2026-02-25 17:02:23,745 [INFO] - For chunk 1/1, generation 29/30 and length of current population 151 .
2026-02-25 17:02:24,161 [INFO] - For chunk 1/1, generation 30/30 and length of current population 151 .
2026-02-25 17:02:24,172 [INFO] - Dataset iteration 22 for depth 2 in low volatility regime.
2026-02-25 17:02:24,510 [INFO] - For chunk 1/1, generation 1/30 and length of current population 151 .
2026-02-25 17:02:24,757 [INFO] - For chunk 1/1, generation 2/30 and length of current population 151 .
2026-02-25 17:02:25,020 [INFO] - For chunk 1/1, generation 3/30 and length of current population 151 .
2026-02-25 17:02:25,266 [INFO] - For chunk 1/1, generation 4/30 and length of current population 151 .
2026-02-25 17:02:25,517 [INFO] - For chunk 1/1, generation 5/30 and length of current population 151 .
2026-02-25 17:02:25,842 [INFO] - For chunk 1/1, generation 6/30 and length of current population 151 .
2026-02-25 17:02:26,164 [INFO] - For chunk 1/1, generation 7/30 and length of current population 151 .
2026-02-25 17:02:26,444 [INFO] - For chunk 1/1, generation 8/30 and length of current population 151 .
2026-02-25 17:02:26,703 [INFO] - For chunk 1/1, generation 9/30 and length of current population 151 .
2026-02-25 17:02:26,969 [INFO] - For chunk 1/1, generation 10/30 and length of current population 151 .
2026-02-25 17:02:27,241 [INFO] - For chunk 1/1, generation 11/30 and length of current population 151 .
2026-02-25 17:02:27,508 [INFO] - For chunk 1/1, generation 12/30 and length of current population 151 .
2026-02-25 17:02:27,765 [INFO] - For chunk 1/1, generation 13/30 and length of current population 151 .
2026-02-25 17:02:28,024 [INFO] - For chunk 1/1, generation 14/30 and length of current population 151 .
2026-02-25 17:02:28,322 [INFO] - For chunk 1/1, generation 15/30 and length of current population 151 .
2026-02-25 17:02:28,622 [INFO] - For chunk 1/1, generation 16/30 and length of current population 151 .
2026-02-25 17:02:28,904 [INFO] - For chunk 1/1, generation 17/30 and length of current population 151 .
2026-02-25 17:02:29,178 [INFO] - For chunk 1/1, generation 18/30 and length of current population 151 .
2026-02-25 17:02:29,429 [INFO] - For chunk 1/1, generation 19/30 and length of current population 151 .
2026-02-25 17:02:30,126 [INFO] - For chunk 1/1, generation 20/30 and length of current population 151 .
2026-02-25 17:02:30,409 [INFO] - For chunk 1/1, generation 21/30 and length of current population 151 .
2026-02-25 17:02:30,653 [INFO] - For chunk 1/1, generation 22/30 and length of current population 151 .
2026-02-25 17:02:30,952 [INFO] - For chunk 1/1, generation 23/30 and length of current population 151 .
2026-02-25 17:02:31,238 [INFO] - For chunk 1/1, generation 24/30 and length of current population 151 .
2026-02-25 17:02:31,669 [INFO] - For chunk 1/1, generation 25/30 and length of current population 151 .
2026-02-25 17:02:31,896 [INFO] - For chunk 1/1, generation 26/30 and length of current population 151 .
2026-02-25 17:02:32,159 [INFO] - For chunk 1/1, generation 27/30 and length of current population 151 .
2026-02-25 17:02:32,433 [INFO] - For chunk 1/1, generation 28/30 and length of current population 151 .
2026-02-25 17:02:32,679 [INFO] - For chunk 1/1, generation 29/30 and length of current population 151 .
2026-02-25 17:02:32,930 [INFO] - For chunk 1/1, generation 30/30 and length of current population 151 .
2026-02-25 17:02:32,936 [INFO] - Dataset iteration 22 for depth 3 in low volatility regime.
2026-02-25 17:02:33,869 [INFO] - For chunk 1/1, generation 1/30 and length of current population 151 .
2026-02-25 17:02:34,542 [INFO] - For chunk 1/1, generation 2/30 and length of current population 151 .
2026-02-25 17:02:35,114 [INFO] - For chunk 1/1, generation 3/30 and length of current population 151 .
2026-02-25 17:02:35,689 [INFO] - For chunk 1/1, generation 4/30 and length of current population 151 .
2026-02-25 17:02:36,332 [INFO] - For chunk 1/1, generation 5/30 and length of current population 151 .
2026-02-25 17:02:36,873 [INFO] - For chunk 1/1, generation 6/30 and length of current population 151 .
2026-02-25 17:02:37,414 [INFO] - For chunk 1/1, generation 7/30 and length of current population 151 .
2026-02-25 17:02:37,948 [INFO] - For chunk 1/1, generation 8/30 and length of current population 151 .
2026-02-25 17:02:38,490 [INFO] - For chunk 1/1, generation 9/30 and length of current population 151 .
2026-02-25 17:02:38,985 [INFO] - For chunk 1/1, generation 10/30 and length of current population 151 .
2026-02-25 17:02:39,944 [INFO] - For chunk 1/1, generation 11/30 and length of current population 151 .
2026-02-25 17:02:40,471 [INFO] - For chunk 1/1, generation 12/30 and length of current population 151 .
2026-02-25 17:02:41,078 [INFO] - For chunk 1/1, generation 13/30 and length of current population 151 .
2026-02-25 17:02:41,635 [INFO] - For chunk 1/1, generation 14/30 and length of current population 151 .
2026-02-25 17:02:42,168 [INFO] - For chunk 1/1, generation 15/30 and length of current population 151 .
2026-02-25 17:02:42,731 [INFO] - For chunk 1/1, generation 16/30 and length of current population 151 .
2026-02-25 17:02:43,281 [INFO] - For chunk 1/1, generation 17/30 and length of current population 151 .
2026-02-25 17:02:43,848 [INFO] - For chunk 1/1, generation 18/30 and length of current population 151 .
2026-02-25 17:02:44,362 [INFO] - For chunk 1/1, generation 19/30 and length of current population 151 .
2026-02-25 17:02:44,844 [INFO] - For chunk 1/1, generation 20/30 and length of current population 151 .
2026-02-25 17:02:45,293 [INFO] - For chunk 1/1, generation 21/30 and length of current population 151 .
2026-02-25 17:02:45,769 [INFO] - For chunk 1/1, generation 22/30 and length of current population 151 .
2026-02-25 17:02:46,304 [INFO] - For chunk 1/1, generation 23/30 and length of current population 151 .
2026-02-25 17:02:46,795 [INFO] - For chunk 1/1, generation 24/30 and length of current population 151 .
2026-02-25 17:02:47,233 [INFO] - For chunk 1/1, generation 25/30 and length of current population 151 .
2026-02-25 17:02:48,079 [INFO] - For chunk 1/1, generation 26/30 and length of current population 151 .
2026-02-25 17:02:48,595 [INFO] - For chunk 1/1, generation 27/30 and length of current population 151 .
2026-02-25 17:02:49,093 [INFO] - For chunk 1/1, generation 28/30 and length of current population 151 .
2026-02-25 17:02:49,554 [INFO] - For chunk 1/1, generation 29/30 and length of current population 151 .
2026-02-25 17:02:50,051 [INFO] - For chunk 1/1, generation 30/30 and length of current population 151 .
2026-02-25 17:03:26,444 [INFO] - Checkpoint saved successfully to checkpoint.pkl
2026-02-25 17:03:26,444 [INFO] -  Starting Iteration 23 | Train: 3450-4450 | Test: 4450-4950 
2026-02-25 17:03:26,627 [INFO] - Running advanced evolution...
2026-02-25 17:03:26,635 [INFO] - Dataset iteration 23 for depth 2 in high volatility regime.
2026-02-25 17:03:26,934 [INFO] - For chunk 1/1, generation 1/30 and length of current population 151 .
2026-02-25 17:03:27,149 [INFO] - For chunk 1/1, generation 2/30 and length of current population 151 .
2026-02-25 17:03:27,364 [INFO] - For chunk 1/1, generation 3/30 and length of current population 151 .
2026-02-25 17:03:27,570 [INFO] - For chunk 1/1, generation 4/30 and length of current population 151 .
2026-02-25 17:03:27,762 [INFO] - For chunk 1/1, generation 5/30 and length of current population 151 .
2026-02-25 17:03:27,978 [INFO] - For chunk 1/1, generation 6/30 and length of current population 151 .
2026-02-25 17:03:28,202 [INFO] - For chunk 1/1, generation 7/30 and length of current population 151 .
2026-02-25 17:03:28,411 [INFO] - For chunk 1/1, generation 8/30 and length of current population 151 .
2026-02-25 17:03:28,634 [INFO] - For chunk 1/1, generation 9/30 and length of current population 151 .
2026-02-25 17:03:28,874 [INFO] - For chunk 1/1, generation 10/30 and length of current population 151 .
2026-02-25 17:03:29,086 [INFO] - For chunk 1/1, generation 11/30 and length of current population 151 .
2026-02-25 17:03:29,313 [INFO] - For chunk 1/1, generation 12/30 and length of current population 151 .
2026-02-25 17:03:29,529 [INFO] - For chunk 1/1, generation 13/30 and length of current population 151 .
2026-02-25 17:03:29,763 [INFO] - For chunk 1/1, generation 14/30 and length of current population 151 .
2026-02-25 17:03:29,979 [INFO] - For chunk 1/1, generation 15/30 and length of current population 151 .
2026-02-25 17:03:30,202 [INFO] - For chunk 1/1, generation 16/30 and length of current population 151 .
2026-02-25 17:03:30,409 [INFO] - For chunk 1/1, generation 17/30 and length of current population 151 .
2026-02-25 17:03:30,635 [INFO] - For chunk 1/1, generation 18/30 and length of current population 151 .
2026-02-25 17:03:30,878 [INFO] - For chunk 1/1, generation 19/30 and length of current population 151 .
2026-02-25 17:03:31,096 [INFO] - For chunk 1/1, generation 20/30 and length of current population 151 .
2026-02-25 17:03:31,360 [INFO] - For chunk 1/1, generation 21/30 and length of current population 151 .
2026-02-25 17:03:31,604 [INFO] - For chunk 1/1, generation 22/30 and length of current population 151 .
2026-02-25 17:03:31,797 [INFO] - For chunk 1/1, generation 23/30 and length of current population 151 .
2026-02-25 17:03:32,030 [INFO] - For chunk 1/1, generation 24/30 and length of current population 151 .
2026-02-25 17:03:32,254 [INFO] - For chunk 1/1, generation 25/30 and length of current population 151 .
2026-02-25 17:03:32,471 [INFO] - For chunk 1/1, generation 26/30 and length of current population 151 .
2026-02-25 17:03:32,680 [INFO] - For chunk 1/1, generation 27/30 and length of current population 151 .
2026-02-25 17:03:32,897 [INFO] - For chunk 1/1, generation 28/30 and length of current population 151 .
2026-02-25 17:03:33,105 [INFO] - For chunk 1/1, generation 29/30 and length of current population 151 .
2026-02-25 17:03:33,322 [INFO] - For chunk 1/1, generation 30/30 and length of current population 151 .
2026-02-25 17:03:33,336 [INFO] - Dataset iteration 23 for depth 3 in high volatility regime.
2026-02-25 17:03:33,824 [INFO] - For chunk 1/1, generation 1/30 and length of current population 151 .
2026-02-25 17:03:34,260 [INFO] - For chunk 1/1, generation 2/30 and length of current population 151 .
2026-02-25 17:03:34,664 [INFO] - For chunk 1/1, generation 3/30 and length of current population 151 .
2026-02-25 17:03:35,026 [INFO] - For chunk 1/1, generation 4/30 and length of current population 151 .
2026-02-25 17:03:36,395 [INFO] - For chunk 1/1, generation 5/30 and length of current population 151 .
2026-02-25 17:03:37,132 [INFO] - For chunk 1/1, generation 6/30 and length of current population 151 .
2026-02-25 17:03:37,387 [INFO] - For chunk 1/1, generation 7/30 and length of current population 151 .
2026-02-25 17:03:37,627 [INFO] - For chunk 1/1, generation 8/30 and length of current population 151 .
2026-02-25 17:03:37,865 [INFO] - For chunk 1/1, generation 9/30 and length of current population 151 .
2026-02-25 17:03:38,108 [INFO] - For chunk 1/1, generation 10/30 and length of current population 151 .
2026-02-25 17:03:38,348 [INFO] - For chunk 1/1, generation 11/30 and length of current population 151 .
2026-02-25 17:03:38,584 [INFO] - For chunk 1/1, generation 12/30 and length of current population 151 .
2026-02-25 17:03:38,860 [INFO] - For chunk 1/1, generation 13/30 and length of current population 151 .
2026-02-25 17:03:39,163 [INFO] - For chunk 1/1, generation 14/30 and length of current population 151 .
2026-02-25 17:03:39,417 [INFO] - For chunk 1/1, generation 15/30 and length of current population 151 .
2026-02-25 17:03:39,654 [INFO] - For chunk 1/1, generation 16/30 and length of current population 151 .
2026-02-25 17:03:39,872 [INFO] - For chunk 1/1, generation 17/30 and length of current population 151 .
2026-02-25 17:03:40,105 [INFO] - For chunk 1/1, generation 18/30 and length of current population 151 .
2026-02-25 17:03:40,356 [INFO] - For chunk 1/1, generation 19/30 and length of current population 151 .
2026-02-25 17:03:40,568 [INFO] - For chunk 1/1, generation 20/30 and length of current population 151 .
2026-02-25 17:03:40,812 [INFO] - For chunk 1/1, generation 21/30 and length of current population 151 .
2026-02-25 17:03:41,051 [INFO] - For chunk 1/1, generation 22/30 and length of current population 151 .
2026-02-25 17:03:41,279 [INFO] - For chunk 1/1, generation 23/30 and length of current population 151 .
2026-02-25 17:03:41,791 [INFO] - For chunk 1/1, generation 24/30 and length of current population 151 .
2026-02-25 17:03:42,050 [INFO] - For chunk 1/1, generation 25/30 and length of current population 151 .
2026-02-25 17:03:42,302 [INFO] - For chunk 1/1, generation 26/30 and length of current population 151 .
2026-02-25 17:03:42,537 [INFO] - For chunk 1/1, generation 27/30 and length of current population 151 .
2026-02-25 17:03:42,769 [INFO] - For chunk 1/1, generation 28/30 and length of current population 151 .
2026-02-25 17:03:42,985 [INFO] - For chunk 1/1, generation 29/30 and length of current population 151 .
2026-02-25 17:03:43,204 [INFO] - For chunk 1/1, generation 30/30 and length of current population 151 .
2026-02-25 17:03:43,211 [INFO] - Dataset iteration 23 for depth 2 in low volatility regime.
2026-02-25 17:03:43,448 [INFO] - For chunk 1/1, generation 1/30 and length of current population 151 .
2026-02-25 17:03:43,582 [INFO] - For chunk 1/1, generation 2/30 and length of current population 151 .
2026-02-25 17:03:43,731 [INFO] - For chunk 1/1, generation 3/30 and length of current population 151 .
2026-02-25 17:03:43,884 [INFO] - For chunk 1/1, generation 4/30 and length of current population 151 .
2026-02-25 17:03:44,018 [INFO] - For chunk 1/1, generation 5/30 and length of current population 151 .
2026-02-25 17:03:44,222 [INFO] - For chunk 1/1, generation 6/30 and length of current population 151 .
2026-02-25 17:03:44,357 [INFO] - For chunk 1/1, generation 7/30 and length of current population 151 .
2026-02-25 17:03:44,494 [INFO] - For chunk 1/1, generation 8/30 and length of current population 151 .
2026-02-25 17:03:44,687 [INFO] - For chunk 1/1, generation 9/30 and length of current population 151 .
2026-02-25 17:03:44,873 [INFO] - For chunk 1/1, generation 10/30 and length of current population 151 .
2026-02-25 17:03:45,056 [INFO] - For chunk 1/1, generation 11/30 and length of current population 151 .
2026-02-25 17:03:45,199 [INFO] - For chunk 1/1, generation 12/30 and length of current population 151 .
2026-02-25 17:03:45,424 [INFO] - For chunk 1/1, generation 13/30 and length of current population 151 .
2026-02-25 17:03:45,578 [INFO] - For chunk 1/1, generation 14/30 and length of current population 151 .
2026-02-25 17:03:45,710 [INFO] - For chunk 1/1, generation 15/30 and length of current population 151 .
2026-02-25 17:03:45,850 [INFO] - For chunk 1/1, generation 16/30 and length of current population 151 .
2026-02-25 17:03:45,995 [INFO] - For chunk 1/1, generation 17/30 and length of current population 151 .
2026-02-25 17:03:46,153 [INFO] - For chunk 1/1, generation 18/30 and length of current population 151 .
2026-02-25 17:03:46,332 [INFO] - For chunk 1/1, generation 19/30 and length of current population 151 .
2026-02-25 17:03:46,542 [INFO] - For chunk 1/1, generation 20/30 and length of current population 151 .
2026-02-25 17:03:46,692 [INFO] - For chunk 1/1, generation 21/30 and length of current population 151 .
2026-02-25 17:03:46,845 [INFO] - For chunk 1/1, generation 22/30 and length of current population 151 .
2026-02-25 17:03:46,995 [INFO] - For chunk 1/1, generation 23/30 and length of current population 151 .
2026-02-25 17:03:47,132 [INFO] - For chunk 1/1, generation 24/30 and length of current population 151 .
2026-02-25 17:03:47,267 [INFO] - For chunk 1/1, generation 25/30 and length of current population 151 .
2026-02-25 17:03:47,401 [INFO] - For chunk 1/1, generation 26/30 and length of current population 151 .
2026-02-25 17:03:47,541 [INFO] - For chunk 1/1, generation 27/30 and length of current population 151 .
2026-02-25 17:03:47,681 [INFO] - For chunk 1/1, generation 28/30 and length of current population 151 .
2026-02-25 17:03:47,813 [INFO] - For chunk 1/1, generation 29/30 and length of current population 151 .
2026-02-25 17:03:47,951 [INFO] - For chunk 1/1, generation 30/30 and length of current population 151 .
2026-02-25 17:03:47,955 [INFO] - Dataset iteration 23 for depth 3 in low volatility regime.
2026-02-25 17:03:48,359 [INFO] - For chunk 1/1, generation 1/30 and length of current population 151 .
2026-02-25 17:03:48,705 [INFO] - For chunk 1/1, generation 2/30 and length of current population 151 .
2026-02-25 17:03:48,938 [INFO] - For chunk 1/1, generation 3/30 and length of current population 151 .
2026-02-25 17:03:49,563 [INFO] - For chunk 1/1, generation 4/30 and length of current population 151 .
2026-02-25 17:03:49,944 [INFO] - For chunk 1/1, generation 5/30 and length of current population 151 .
2026-02-25 17:03:50,226 [INFO] - For chunk 1/1, generation 6/30 and length of current population 151 .
2026-02-25 17:03:50,609 [INFO] - For chunk 1/1, generation 7/30 and length of current population 151 .
2026-02-25 17:03:51,130 [INFO] - For chunk 1/1, generation 8/30 and length of current population 151 .
2026-02-25 17:03:51,558 [INFO] - For chunk 1/1, generation 9/30 and length of current population 151 .
2026-02-25 17:03:52,028 [INFO] - For chunk 1/1, generation 10/30 and length of current population 151 .
2026-02-25 17:03:52,501 [INFO] - For chunk 1/1, generation 11/30 and length of current population 151 .
2026-02-25 17:03:52,934 [INFO] - For chunk 1/1, generation 12/30 and length of current population 151 .
2026-02-25 17:03:53,430 [INFO] - For chunk 1/1, generation 13/30 and length of current population 151 .
2026-02-25 17:03:53,987 [INFO] - For chunk 1/1, generation 14/30 and length of current population 151 .
2026-02-25 17:03:54,552 [INFO] - For chunk 1/1, generation 15/30 and length of current population 151 .
2026-02-25 17:03:55,405 [INFO] - For chunk 1/1, generation 16/30 and length of current population 151 .
2026-02-25 17:03:56,008 [INFO] - For chunk 1/1, generation 17/30 and length of current population 151 .
2026-02-25 17:03:56,659 [INFO] - For chunk 1/1, generation 18/30 and length of current population 151 .
2026-02-25 17:03:57,213 [INFO] - For chunk 1/1, generation 19/30 and length of current population 151 .
2026-02-25 17:03:57,847 [INFO] - For chunk 1/1, generation 20/30 and length of current population 151 .
2026-02-25 17:03:58,437 [INFO] - For chunk 1/1, generation 21/30 and length of current population 151 .
2026-02-25 17:03:58,911 [INFO] - For chunk 1/1, generation 22/30 and length of current population 151 .
2026-02-25 17:03:59,401 [INFO] - For chunk 1/1, generation 23/30 and length of current population 151 .
2026-02-25 17:03:59,824 [INFO] - For chunk 1/1, generation 24/30 and length of current population 151 .
2026-02-25 17:04:00,331 [INFO] - For chunk 1/1, generation 25/30 and length of current population 151 .
2026-02-25 17:04:00,761 [INFO] - For chunk 1/1, generation 26/30 and length of current population 151 .
2026-02-25 17:04:01,586 [INFO] - For chunk 1/1, generation 27/30 and length of current population 151 .
2026-02-25 17:04:02,003 [INFO] - For chunk 1/1, generation 28/30 and length of current population 151 .
2026-02-25 17:04:02,440 [INFO] - For chunk 1/1, generation 29/30 and length of current population 151 .
2026-02-25 17:04:02,852 [INFO] - For chunk 1/1, generation 30/30 and length of current population 151 .
2026-02-25 17:04:27,955 [INFO] - Checkpoint saved successfully to checkpoint.pkl
2026-02-25 17:04:27,956 [INFO] -  Starting Iteration 24 | Train: 3600-4600 | Test: 4600-5100 
2026-02-25 17:04:28,096 [INFO] - Running advanced evolution...
2026-02-25 17:04:28,098 [INFO] - Dataset iteration 24 for depth 2 in high volatility regime.
2026-02-25 17:04:28,323 [INFO] - For chunk 1/1, generation 1/30 and length of current population 151 .
2026-02-25 17:04:28,465 [INFO] - For chunk 1/1, generation 2/30 and length of current population 151 .
2026-02-25 17:04:28,606 [INFO] - For chunk 1/1, generation 3/30 and length of current population 151 .
2026-02-25 17:04:28,740 [INFO] - For chunk 1/1, generation 4/30 and length of current population 151 .
2026-02-25 17:04:28,886 [INFO] - For chunk 1/1, generation 5/30 and length of current population 151 .
2026-02-25 17:04:29,033 [INFO] - For chunk 1/1, generation 6/30 and length of current population 151 .
2026-02-25 17:04:29,315 [INFO] - For chunk 1/1, generation 7/30 and length of current population 151 .
2026-02-25 17:04:29,607 [INFO] - For chunk 1/1, generation 8/30 and length of current population 151 .
2026-02-25 17:04:29,876 [INFO] - For chunk 1/1, generation 9/30 and length of current population 151 .
2026-02-25 17:04:30,082 [INFO] - For chunk 1/1, generation 10/30 and length of current population 151 .
2026-02-25 17:04:30,242 [INFO] - For chunk 1/1, generation 11/30 and length of current population 151 .
2026-02-25 17:04:30,395 [INFO] - For chunk 1/1, generation 12/30 and length of current population 151 .
2026-02-25 17:04:30,646 [INFO] - For chunk 1/1, generation 13/30 and length of current population 151 .
2026-02-25 17:04:30,922 [INFO] - For chunk 1/1, generation 14/30 and length of current population 151 .
2026-02-25 17:04:31,138 [INFO] - For chunk 1/1, generation 15/30 and length of current population 151 .
2026-02-25 17:04:31,319 [INFO] - For chunk 1/1, generation 16/30 and length of current population 151 .
2026-02-25 17:04:31,534 [INFO] - For chunk 1/1, generation 17/30 and length of current population 151 .
2026-02-25 17:04:31,726 [INFO] - For chunk 1/1, generation 18/30 and length of current population 151 .
2026-02-25 17:04:31,890 [INFO] - For chunk 1/1, generation 19/30 and length of current population 151 .
2026-02-25 17:04:32,092 [INFO] - For chunk 1/1, generation 20/30 and length of current population 151 .
2026-02-25 17:04:32,283 [INFO] - For chunk 1/1, generation 21/30 and length of current population 151 .
2026-02-25 17:04:32,423 [INFO] - For chunk 1/1, generation 22/30 and length of current population 151 .
2026-02-25 17:04:32,604 [INFO] - For chunk 1/1, generation 23/30 and length of current population 151 .
2026-02-25 17:04:32,785 [INFO] - For chunk 1/1, generation 24/30 and length of current population 151 .
2026-02-25 17:04:32,915 [INFO] - For chunk 1/1, generation 25/30 and length of current population 151 .
2026-02-25 17:04:33,072 [INFO] - For chunk 1/1, generation 26/30 and length of current population 151 .
2026-02-25 17:04:33,226 [INFO] - For chunk 1/1, generation 27/30 and length of current population 151 .
2026-02-25 17:04:33,383 [INFO] - For chunk 1/1, generation 28/30 and length of current population 151 .
2026-02-25 17:04:33,555 [INFO] - For chunk 1/1, generation 29/30 and length of current population 151 .
2026-02-25 17:04:34,531 [INFO] - For chunk 1/1, generation 30/30 and length of current population 151 .
2026-02-25 17:04:34,534 [INFO] - Dataset iteration 24 for depth 3 in high volatility regime.
2026-02-25 17:04:34,891 [INFO] - For chunk 1/1, generation 1/30 and length of current population 151 .
2026-02-25 17:04:35,084 [INFO] - For chunk 1/1, generation 2/30 and length of current population 151 .
2026-02-25 17:04:35,281 [INFO] - For chunk 1/1, generation 3/30 and length of current population 151 .
2026-02-25 17:04:35,475 [INFO] - For chunk 1/1, generation 4/30 and length of current population 151 .
2026-02-25 17:04:35,670 [INFO] - For chunk 1/1, generation 5/30 and length of current population 151 .
2026-02-25 17:04:35,869 [INFO] - For chunk 1/1, generation 6/30 and length of current population 151 .
2026-02-25 17:04:36,055 [INFO] - For chunk 1/1, generation 7/30 and length of current population 151 .
2026-02-25 17:04:36,232 [INFO] - For chunk 1/1, generation 8/30 and length of current population 151 .
2026-02-25 17:04:36,438 [INFO] - For chunk 1/1, generation 9/30 and length of current population 151 .
2026-02-25 17:04:36,604 [INFO] - For chunk 1/1, generation 10/30 and length of current population 151 .
2026-02-25 17:04:36,756 [INFO] - For chunk 1/1, generation 11/30 and length of current population 151 .
2026-02-25 17:04:36,909 [INFO] - For chunk 1/1, generation 12/30 and length of current population 151 .
2026-02-25 17:04:37,069 [INFO] - For chunk 1/1, generation 13/30 and length of current population 151 .
2026-02-25 17:04:37,244 [INFO] - For chunk 1/1, generation 14/30 and length of current population 151 .
2026-02-25 17:04:37,411 [INFO] - For chunk 1/1, generation 15/30 and length of current population 151 .
2026-02-25 17:04:37,575 [INFO] - For chunk 1/1, generation 16/30 and length of current population 151 .
2026-02-25 17:04:37,732 [INFO] - For chunk 1/1, generation 17/30 and length of current population 151 .
2026-02-25 17:04:37,935 [INFO] - For chunk 1/1, generation 18/30 and length of current population 151 .
2026-02-25 17:04:38,139 [INFO] - For chunk 1/1, generation 19/30 and length of current population 151 .
2026-02-25 17:04:38,294 [INFO] - For chunk 1/1, generation 20/30 and length of current population 151 .
2026-02-25 17:04:38,455 [INFO] - For chunk 1/1, generation 21/30 and length of current population 151 .
2026-02-25 17:04:38,847 [INFO] - For chunk 1/1, generation 22/30 and length of current population 151 .
2026-02-25 17:04:39,021 [INFO] - For chunk 1/1, generation 23/30 and length of current population 151 .
2026-02-25 17:04:39,170 [INFO] - For chunk 1/1, generation 24/30 and length of current population 151 .
2026-02-25 17:04:39,346 [INFO] - For chunk 1/1, generation 25/30 and length of current population 151 .
2026-02-25 17:04:39,516 [INFO] - For chunk 1/1, generation 26/30 and length of current population 151 .
2026-02-25 17:04:39,668 [INFO] - For chunk 1/1, generation 27/30 and length of current population 151 .
2026-02-25 17:04:39,849 [INFO] - For chunk 1/1, generation 28/30 and length of current population 151 .
2026-02-25 17:04:40,013 [INFO] - For chunk 1/1, generation 29/30 and length of current population 151 .
2026-02-25 17:04:40,169 [INFO] - For chunk 1/1, generation 30/30 and length of current population 151 .
2026-02-25 17:04:40,176 [INFO] - Dataset iteration 24 for depth 2 in low volatility regime.
2026-02-25 17:04:40,429 [INFO] - For chunk 1/1, generation 1/30 and length of current population 151 .
2026-02-25 17:04:40,564 [INFO] - For chunk 1/1, generation 2/30 and length of current population 151 .
2026-02-25 17:04:40,693 [INFO] - For chunk 1/1, generation 3/30 and length of current population 151 .
2026-02-25 17:04:40,825 [INFO] - For chunk 1/1, generation 4/30 and length of current population 151 .
2026-02-25 17:04:40,949 [INFO] - For chunk 1/1, generation 5/30 and length of current population 151 .
2026-02-25 17:04:41,071 [INFO] - For chunk 1/1, generation 6/30 and length of current population 151 .
2026-02-25 17:04:41,204 [INFO] - For chunk 1/1, generation 7/30 and length of current population 151 .
2026-02-25 17:04:41,327 [INFO] - For chunk 1/1, generation 8/30 and length of current population 151 .
2026-02-25 17:04:41,465 [INFO] - For chunk 1/1, generation 9/30 and length of current population 151 .
2026-02-25 17:04:41,605 [INFO] - For chunk 1/1, generation 10/30 and length of current population 151 .
2026-02-25 17:04:41,718 [INFO] - For chunk 1/1, generation 11/30 and length of current population 151 .
2026-02-25 17:04:41,840 [INFO] - For chunk 1/1, generation 12/30 and length of current population 151 .
2026-02-25 17:04:41,989 [INFO] - For chunk 1/1, generation 13/30 and length of current population 151 .
2026-02-25 17:04:42,150 [INFO] - For chunk 1/1, generation 14/30 and length of current population 151 .
2026-02-25 17:04:42,289 [INFO] - For chunk 1/1, generation 15/30 and length of current population 151 .
2026-02-25 17:04:42,421 [INFO] - For chunk 1/1, generation 16/30 and length of current population 151 .
2026-02-25 17:04:42,564 [INFO] - For chunk 1/1, generation 17/30 and length of current population 151 .
2026-02-25 17:04:42,744 [INFO] - For chunk 1/1, generation 18/30 and length of current population 151 .
2026-02-25 17:04:42,876 [INFO] - For chunk 1/1, generation 19/30 and length of current population 151 .
2026-02-25 17:04:43,000 [INFO] - For chunk 1/1, generation 20/30 and length of current population 151 .
2026-02-25 17:04:43,115 [INFO] - For chunk 1/1, generation 21/30 and length of current population 151 .
2026-02-25 17:04:43,254 [INFO] - For chunk 1/1, generation 22/30 and length of current population 151 .
2026-02-25 17:04:43,400 [INFO] - For chunk 1/1, generation 23/30 and length of current population 151 .
2026-02-25 17:04:43,626 [INFO] - For chunk 1/1, generation 24/30 and length of current population 151 .
2026-02-25 17:04:43,940 [INFO] - For chunk 1/1, generation 25/30 and length of current population 151 .
2026-02-25 17:04:44,149 [INFO] - For chunk 1/1, generation 26/30 and length of current population 151 .
2026-02-25 17:04:44,377 [INFO] - For chunk 1/1, generation 27/30 and length of current population 151 .
2026-02-25 17:04:44,609 [INFO] - For chunk 1/1, generation 28/30 and length of current population 151 .
2026-02-25 17:04:44,779 [INFO] - For chunk 1/1, generation 29/30 and length of current population 151 .
2026-02-25 17:04:44,963 [INFO] - For chunk 1/1, generation 30/30 and length of current population 151 .
2026-02-25 17:04:44,967 [INFO] - Dataset iteration 24 for depth 3 in low volatility regime.
2026-02-25 17:04:45,384 [INFO] - For chunk 1/1, generation 1/30 and length of current population 151 .
2026-02-25 17:04:45,991 [INFO] - For chunk 1/1, generation 2/30 and length of current population 151 .
2026-02-25 17:04:46,390 [INFO] - For chunk 1/1, generation 3/30 and length of current population 151 .
2026-02-25 17:04:46,656 [INFO] - For chunk 1/1, generation 4/30 and length of current population 151 .
2026-02-25 17:04:46,889 [INFO] - For chunk 1/1, generation 5/30 and length of current population 151 .
2026-02-25 17:04:47,159 [INFO] - For chunk 1/1, generation 6/30 and length of current population 151 .
2026-02-25 17:04:47,459 [INFO] - For chunk 1/1, generation 7/30 and length of current population 151 .
2026-02-25 17:04:47,652 [INFO] - For chunk 1/1, generation 8/30 and length of current population 151 .
2026-02-25 17:04:47,846 [INFO] - For chunk 1/1, generation 9/30 and length of current population 151 .
2026-02-25 17:04:48,027 [INFO] - For chunk 1/1, generation 10/30 and length of current population 151 .
2026-02-25 17:04:48,247 [INFO] - For chunk 1/1, generation 11/30 and length of current population 151 .
2026-02-25 17:04:48,434 [INFO] - For chunk 1/1, generation 12/30 and length of current population 151 .
2026-02-25 17:04:48,684 [INFO] - For chunk 1/1, generation 13/30 and length of current population 151 .
2026-02-25 17:04:49,091 [INFO] - For chunk 1/1, generation 14/30 and length of current population 151 .
2026-02-25 17:04:49,482 [INFO] - For chunk 1/1, generation 15/30 and length of current population 151 .
2026-02-25 17:04:49,838 [INFO] - For chunk 1/1, generation 16/30 and length of current population 151 .
2026-02-25 17:04:50,090 [INFO] - For chunk 1/1, generation 17/30 and length of current population 151 .
2026-02-25 17:04:50,291 [INFO] - For chunk 1/1, generation 18/30 and length of current population 151 .
2026-02-25 17:04:50,489 [INFO] - For chunk 1/1, generation 19/30 and length of current population 151 .
2026-02-25 17:04:50,720 [INFO] - For chunk 1/1, generation 20/30 and length of current population 151 .
2026-02-25 17:04:51,172 [INFO] - For chunk 1/1, generation 21/30 and length of current population 151 .
2026-02-25 17:04:51,393 [INFO] - For chunk 1/1, generation 22/30 and length of current population 151 .
2026-02-25 17:04:51,597 [INFO] - For chunk 1/1, generation 23/30 and length of current population 151 .
2026-02-25 17:04:51,781 [INFO] - For chunk 1/1, generation 24/30 and length of current population 151 .
2026-02-25 17:04:51,968 [INFO] - For chunk 1/1, generation 25/30 and length of current population 151 .
2026-02-25 17:04:52,231 [INFO] - For chunk 1/1, generation 26/30 and length of current population 151 .
2026-02-25 17:04:52,437 [INFO] - For chunk 1/1, generation 27/30 and length of current population 151 .
2026-02-25 17:04:52,640 [INFO] - For chunk 1/1, generation 28/30 and length of current population 151 .
2026-02-25 17:04:52,839 [INFO] - For chunk 1/1, generation 29/30 and length of current population 151 .
2026-02-25 17:04:53,041 [INFO] - For chunk 1/1, generation 30/30 and length of current population 151 .
2026-02-25 17:05:18,512 [INFO] - Checkpoint saved successfully to checkpoint.pkl
2026-02-25 17:05:18,513 [INFO] -  Starting Iteration 25 | Train: 3750-4750 | Test: 4750-5250 
2026-02-25 17:05:18,607 [INFO] - Running advanced evolution...
2026-02-25 17:05:18,609 [INFO] - Dataset iteration 25 for depth 2 in high volatility regime.
2026-02-25 17:05:18,843 [INFO] - For chunk 1/1, generation 1/30 and length of current population 151 .
2026-02-25 17:05:18,977 [INFO] - For chunk 1/1, generation 2/30 and length of current population 151 .
2026-02-25 17:05:19,116 [INFO] - For chunk 1/1, generation 3/30 and length of current population 151 .
2026-02-25 17:05:19,258 [INFO] - For chunk 1/1, generation 4/30 and length of current population 151 .
2026-02-25 17:05:19,391 [INFO] - For chunk 1/1, generation 5/30 and length of current population 151 .
2026-02-25 17:05:19,527 [INFO] - For chunk 1/1, generation 6/30 and length of current population 151 .
2026-02-25 17:05:19,657 [INFO] - For chunk 1/1, generation 7/30 and length of current population 151 .
2026-02-25 17:05:19,787 [INFO] - For chunk 1/1, generation 8/30 and length of current population 151 .
2026-02-25 17:05:19,917 [INFO] - For chunk 1/1, generation 9/30 and length of current population 151 .
2026-02-25 17:05:20,037 [INFO] - For chunk 1/1, generation 10/30 and length of current population 151 .
2026-02-25 17:05:20,168 [INFO] - For chunk 1/1, generation 11/30 and length of current population 151 .
2026-02-25 17:05:20,301 [INFO] - For chunk 1/1, generation 12/30 and length of current population 151 .
2026-02-25 17:05:20,429 [INFO] - For chunk 1/1, generation 13/30 and length of current population 151 .
2026-02-25 17:05:20,559 [INFO] - For chunk 1/1, generation 14/30 and length of current population 151 .
2026-02-25 17:05:20,700 [INFO] - For chunk 1/1, generation 15/30 and length of current population 151 .
2026-02-25 17:05:20,835 [INFO] - For chunk 1/1, generation 16/30 and length of current population 151 .
2026-02-25 17:05:20,957 [INFO] - For chunk 1/1, generation 17/30 and length of current population 151 .
2026-02-25 17:05:21,151 [INFO] - For chunk 1/1, generation 18/30 and length of current population 151 .
2026-02-25 17:05:21,291 [INFO] - For chunk 1/1, generation 19/30 and length of current population 151 .
2026-02-25 17:05:21,430 [INFO] - For chunk 1/1, generation 20/30 and length of current population 151 .
2026-02-25 17:05:21,586 [INFO] - For chunk 1/1, generation 21/30 and length of current population 151 .
2026-02-25 17:05:21,732 [INFO] - For chunk 1/1, generation 22/30 and length of current population 151 .
2026-02-25 17:05:21,865 [INFO] - For chunk 1/1, generation 23/30 and length of current population 151 .
2026-02-25 17:05:22,001 [INFO] - For chunk 1/1, generation 24/30 and length of current population 151 .
2026-02-25 17:05:22,126 [INFO] - For chunk 1/1, generation 25/30 and length of current population 151 .
2026-02-25 17:05:22,247 [INFO] - For chunk 1/1, generation 26/30 and length of current population 151 .
2026-02-25 17:05:22,401 [INFO] - For chunk 1/1, generation 27/30 and length of current population 151 .
2026-02-25 17:05:22,535 [INFO] - For chunk 1/1, generation 28/30 and length of current population 151 .
2026-02-25 17:05:22,661 [INFO] - For chunk 1/1, generation 29/30 and length of current population 151 .
2026-02-25 17:05:23,477 [INFO] - For chunk 1/1, generation 30/30 and length of current population 151 .
2026-02-25 17:05:23,481 [INFO] - Dataset iteration 25 for depth 3 in high volatility regime.
2026-02-25 17:05:23,734 [INFO] - For chunk 1/1, generation 1/30 and length of current population 151 .
2026-02-25 17:05:23,925 [INFO] - For chunk 1/1, generation 2/30 and length of current population 151 .
2026-02-25 17:05:24,128 [INFO] - For chunk 1/1, generation 3/30 and length of current population 151 .
2026-02-25 17:05:24,329 [INFO] - For chunk 1/1, generation 4/30 and length of current population 151 .
2026-02-25 17:05:24,535 [INFO] - For chunk 1/1, generation 5/30 and length of current population 151 .
2026-02-25 17:05:24,737 [INFO] - For chunk 1/1, generation 6/30 and length of current population 151 .
2026-02-25 17:05:24,958 [INFO] - For chunk 1/1, generation 7/30 and length of current population 151 .
2026-02-25 17:05:25,158 [INFO] - For chunk 1/1, generation 8/30 and length of current population 151 .
2026-02-25 17:05:25,369 [INFO] - For chunk 1/1, generation 9/30 and length of current population 151 .
2026-02-25 17:05:25,593 [INFO] - For chunk 1/1, generation 10/30 and length of current population 151 .
2026-02-25 17:05:25,826 [INFO] - For chunk 1/1, generation 11/30 and length of current population 151 .
2026-02-25 17:05:26,048 [INFO] - For chunk 1/1, generation 12/30 and length of current population 151 .
2026-02-25 17:05:26,258 [INFO] - For chunk 1/1, generation 13/30 and length of current population 151 .
2026-02-25 17:05:26,470 [INFO] - For chunk 1/1, generation 14/30 and length of current population 151 .
2026-02-25 17:05:26,688 [INFO] - For chunk 1/1, generation 15/30 and length of current population 151 .
2026-02-25 17:05:26,896 [INFO] - For chunk 1/1, generation 16/30 and length of current population 151 .
2026-02-25 17:05:27,109 [INFO] - For chunk 1/1, generation 17/30 and length of current population 151 .
2026-02-25 17:05:27,308 [INFO] - For chunk 1/1, generation 18/30 and length of current population 151 .
2026-02-25 17:05:27,514 [INFO] - For chunk 1/1, generation 19/30 and length of current population 151 .
2026-02-25 17:05:27,718 [INFO] - For chunk 1/1, generation 20/30 and length of current population 151 .
2026-02-25 17:05:27,938 [INFO] - For chunk 1/1, generation 21/30 and length of current population 151 .
2026-02-25 17:05:28,158 [INFO] - For chunk 1/1, generation 22/30 and length of current population 151 .
2026-02-25 17:05:28,380 [INFO] - For chunk 1/1, generation 23/30 and length of current population 151 .
2026-02-25 17:05:28,863 [INFO] - For chunk 1/1, generation 24/30 and length of current population 151 .
2026-02-25 17:05:29,055 [INFO] - For chunk 1/1, generation 25/30 and length of current population 151 .
2026-02-25 17:05:29,239 [INFO] - For chunk 1/1, generation 26/30 and length of current population 151 .
2026-02-25 17:05:29,580 [INFO] - For chunk 1/1, generation 27/30 and length of current population 151 .
2026-02-25 17:05:29,920 [INFO] - For chunk 1/1, generation 28/30 and length of current population 151 .
2026-02-25 17:05:30,300 [INFO] - For chunk 1/1, generation 29/30 and length of current population 151 .
2026-02-25 17:05:30,716 [INFO] - For chunk 1/1, generation 30/30 and length of current population 151 .
2026-02-25 17:05:30,726 [INFO] - Dataset iteration 25 for depth 2 in low volatility regime.
2026-02-25 17:05:31,076 [INFO] - For chunk 1/1, generation 1/30 and length of current population 151 .
2026-02-25 17:05:31,309 [INFO] - For chunk 1/1, generation 2/30 and length of current population 151 .
2026-02-25 17:05:31,523 [INFO] - For chunk 1/1, generation 3/30 and length of current population 151 .
2026-02-25 17:05:31,763 [INFO] - For chunk 1/1, generation 4/30 and length of current population 151 .
2026-02-25 17:05:31,978 [INFO] - For chunk 1/1, generation 5/30 and length of current population 151 .
2026-02-25 17:05:32,126 [INFO] - For chunk 1/1, generation 6/30 and length of current population 151 .
2026-02-25 17:05:32,288 [INFO] - For chunk 1/1, generation 7/30 and length of current population 151 .
2026-02-25 17:05:32,471 [INFO] - For chunk 1/1, generation 8/30 and length of current population 151 .
2026-02-25 17:05:32,719 [INFO] - For chunk 1/1, generation 9/30 and length of current population 151 .
2026-02-25 17:05:32,954 [INFO] - For chunk 1/1, generation 10/30 and length of current population 151 .
2026-02-25 17:05:33,219 [INFO] - For chunk 1/1, generation 11/30 and length of current population 151 .
2026-02-25 17:05:33,432 [INFO] - For chunk 1/1, generation 12/30 and length of current population 151 .
2026-02-25 17:05:33,626 [INFO] - For chunk 1/1, generation 13/30 and length of current population 151 .
2026-02-25 17:05:33,882 [INFO] - For chunk 1/1, generation 14/30 and length of current population 151 .
2026-02-25 17:05:34,078 [INFO] - For chunk 1/1, generation 15/30 and length of current population 151 .
2026-02-25 17:05:34,287 [INFO] - For chunk 1/1, generation 16/30 and length of current population 151 .
2026-02-25 17:05:34,640 [INFO] - For chunk 1/1, generation 17/30 and length of current population 151 .
2026-02-25 17:05:34,861 [INFO] - For chunk 1/1, generation 18/30 and length of current population 151 .
2026-02-25 17:05:35,107 [INFO] - For chunk 1/1, generation 19/30 and length of current population 151 .
2026-02-25 17:05:35,345 [INFO] - For chunk 1/1, generation 20/30 and length of current population 151 .
2026-02-25 17:05:35,530 [INFO] - For chunk 1/1, generation 21/30 and length of current population 151 .
2026-02-25 17:05:35,711 [INFO] - For chunk 1/1, generation 22/30 and length of current population 151 .
2026-02-25 17:05:35,952 [INFO] - For chunk 1/1, generation 23/30 and length of current population 151 .
2026-02-25 17:05:36,174 [INFO] - For chunk 1/1, generation 24/30 and length of current population 151 .
2026-02-25 17:05:36,334 [INFO] - For chunk 1/1, generation 25/30 and length of current population 151 .
2026-02-25 17:05:36,501 [INFO] - For chunk 1/1, generation 26/30 and length of current population 151 .
2026-02-25 17:05:36,651 [INFO] - For chunk 1/1, generation 27/30 and length of current population 151 .
2026-02-25 17:05:36,826 [INFO] - For chunk 1/1, generation 28/30 and length of current population 151 .
2026-02-25 17:05:36,983 [INFO] - For chunk 1/1, generation 29/30 and length of current population 151 .
2026-02-25 17:05:37,113 [INFO] - For chunk 1/1, generation 30/30 and length of current population 151 .
2026-02-25 17:05:37,118 [INFO] - Dataset iteration 25 for depth 3 in low volatility regime.
2026-02-25 17:05:37,373 [INFO] - For chunk 1/1, generation 1/30 and length of current population 151 .
2026-02-25 17:05:37,576 [INFO] - For chunk 1/1, generation 2/30 and length of current population 151 .
2026-02-25 17:05:38,099 [INFO] - For chunk 1/1, generation 3/30 and length of current population 151 .
2026-02-25 17:05:38,367 [INFO] - For chunk 1/1, generation 4/30 and length of current population 151 .
2026-02-25 17:05:38,606 [INFO] - For chunk 1/1, generation 5/30 and length of current population 151 .
2026-02-25 17:05:38,798 [INFO] - For chunk 1/1, generation 6/30 and length of current population 151 .
2026-02-25 17:05:38,979 [INFO] - For chunk 1/1, generation 7/30 and length of current population 151 .
2026-02-25 17:05:39,158 [INFO] - For chunk 1/1, generation 8/30 and length of current population 151 .
2026-02-25 17:05:39,346 [INFO] - For chunk 1/1, generation 9/30 and length of current population 151 .
2026-02-25 17:05:39,543 [INFO] - For chunk 1/1, generation 10/30 and length of current population 151 .
2026-02-25 17:05:39,731 [INFO] - For chunk 1/1, generation 11/30 and length of current population 151 .
2026-02-25 17:05:39,936 [INFO] - For chunk 1/1, generation 12/30 and length of current population 151 .
2026-02-25 17:05:40,122 [INFO] - For chunk 1/1, generation 13/30 and length of current population 151 .
2026-02-25 17:05:40,319 [INFO] - For chunk 1/1, generation 14/30 and length of current population 151 .
2026-02-25 17:05:40,507 [INFO] - For chunk 1/1, generation 15/30 and length of current population 151 .
2026-02-25 17:05:40,741 [INFO] - For chunk 1/1, generation 16/30 and length of current population 151 .
2026-02-25 17:05:40,952 [INFO] - For chunk 1/1, generation 17/30 and length of current population 151 .
2026-02-25 17:05:41,140 [INFO] - For chunk 1/1, generation 18/30 and length of current population 151 .
2026-02-25 17:05:41,319 [INFO] - For chunk 1/1, generation 19/30 and length of current population 151 .
2026-02-25 17:05:41,512 [INFO] - For chunk 1/1, generation 20/30 and length of current population 151 .
2026-02-25 17:05:41,701 [INFO] - For chunk 1/1, generation 21/30 and length of current population 151 .
2026-02-25 17:05:41,885 [INFO] - For chunk 1/1, generation 22/30 and length of current population 151 .
2026-02-25 17:05:42,361 [INFO] - For chunk 1/1, generation 23/30 and length of current population 151 .
2026-02-25 17:05:42,558 [INFO] - For chunk 1/1, generation 24/30 and length of current population 151 .
2026-02-25 17:05:42,759 [INFO] - For chunk 1/1, generation 25/30 and length of current population 151 .
2026-02-25 17:05:42,969 [INFO] - For chunk 1/1, generation 26/30 and length of current population 151 .
2026-02-25 17:05:43,213 [INFO] - For chunk 1/1, generation 27/30 and length of current population 151 .
2026-02-25 17:05:43,402 [INFO] - For chunk 1/1, generation 28/30 and length of current population 151 .
2026-02-25 17:05:43,590 [INFO] - For chunk 1/1, generation 29/30 and length of current population 151 .
2026-02-25 17:05:43,784 [INFO] - For chunk 1/1, generation 30/30 and length of current population 151 .
2026-02-25 17:06:10,244 [INFO] - Checkpoint saved successfully to checkpoint.pkl
2026-02-25 17:06:10,245 [INFO] - Reached end of dataset. Exiting loop.
2026-02-25 17:06:10,246 [INFO] - Pipeline finished successfully.
